k,response_step,layer,component,singular_value,explained_energy_ratio,cumulative_energy_ratio
5,0,28,0,1060.414794921875,0.6476261615753174,0.6476261615753174
5,0,28,1,495.6856994628906,0.1415095031261444,0.7891356945037842
5,0,28,2,241.89151000976562,0.03369877114892006,0.8228344917297363
5,0,28,3,179.26414489746094,0.018508007749915123,0.8413425087928772
5,0,28,4,155.1680145263672,0.013866831548511982,0.8552093505859375
5,0,28,5,126.74026489257812,0.009251284413039684,0.8644606471061707
5,0,28,6,113.33888244628906,0.0073982784524559975,0.8718589544296265
5,0,28,7,103.77325439453125,0.006202170625329018,0.8780609965324402
5,0,28,8,98.70436096191406,0.00561106763780117,0.8836720585823059
5,0,28,9,93.9780502319336,0.0050865779630839825,0.888758659362793
5,0,28,10,89.84852600097656,0.004649376962333918,0.8934080600738525
5,0,28,11,86.6980972290039,0.004329043440520763,0.8977370858192444
5,0,28,12,83.1080551147461,0.003977947402745485,0.9017150402069092
5,0,28,13,81.73009490966797,0.003847129875794053,0.905562162399292
5,0,28,14,79.00750732421875,0.003595088142901659,0.9091572761535645
5,0,28,15,77.08422088623047,0.0034221874084323645,0.9125794172286987
5,0,28,16,75.4375228881836,0.003277537412941456,0.9158569574356079
5,0,28,17,72.15621185302734,0.0029986121226102114,0.9188555479049683
5,0,28,18,70.73655700683594,0.0028817791026085615,0.9217373132705688
5,0,28,19,69.4986343383789,0.0027817965019494295,0.9245191216468811
5,0,28,20,66.8521957397461,0.002573974197730422,0.9270930886268616
5,0,28,21,64.35700225830078,0.0023854176979511976,0.9294785261154175
5,0,28,22,62.30965805053711,0.0022360605653375387,0.9317145943641663
5,0,28,23,61.805702209472656,0.0022000365424901247,0.9339146018028259
5,0,28,24,59.41903305053711,0.0020334054715931416,0.9359480142593384
5,0,28,25,56.606693267822266,0.001845475984737277,0.937793493270874
5,0,28,26,55.84255599975586,0.0017959879478439689,0.9395895004272461
5,0,28,27,54.67581558227539,0.001721723354421556,0.941311240196228
5,0,28,28,54.499019622802734,0.001710606855340302,0.943021833896637
5,0,28,29,53.71202850341797,0.0016615595668554306,0.9446833729743958
5,0,28,30,53.121009826660156,0.0016251950291916728,0.9463085532188416
5,0,28,31,51.27581787109375,0.0015142514603212476,0.9478228092193604
5,0,28,32,50.98740768432617,0.0014972650678828359,0.9493200778961182
5,0,28,33,49.18007278442383,0.0013930001296103,0.9507130980491638
5,0,28,34,47.69826889038086,0.0013103220844641328,0.952023446559906
5,0,28,35,47.522647857666016,0.0013006909284740686,0.9533241391181946
5,0,28,36,46.86808395385742,0.0012651068391278386,0.9545892477035522
5,0,28,37,45.9256591796875,0.0012147409142926335,0.9558039903640747
5,0,28,38,45.431373596191406,0.0011887337313964963,0.9569927453994751
5,0,28,39,44.73473358154297,0.0011525573208928108,0.958145260810852
5,0,28,40,44.386104583740234,0.0011346630053594708,0.9592798948287964
5,0,28,41,42.88362503051758,0.001059145899489522,0.9603390693664551
5,0,28,42,42.54037094116211,0.0010422583436593413,0.9613813161849976
5,0,28,43,42.225406646728516,0.0010268819751217961,0.962408185005188
5,0,28,44,41.23137664794922,0.0009791032643988729,0.9633873105049133
5,0,28,45,40.590248107910156,0.0009488908108323812,0.9643362164497375
5,0,28,46,39.74092483520508,0.000909596448764205,0.96524578332901
5,0,28,47,38.976966857910156,0.000874961435329169,0.9661207795143127
5,0,28,48,38.835914611816406,0.0008686401415616274,0.9669893980026245
5,0,28,49,38.398193359375,0.0008491695625707507,0.9678385853767395
5,0,28,50,37.717830657958984,0.00081934395711869,0.968657910823822
5,0,28,51,37.1250114440918,0.0007937907357700169,0.9694517254829407
5,0,28,52,36.704105377197266,0.0007758935098536313,0.9702275991439819
5,0,28,53,36.104827880859375,0.0007507639238610864,0.9709783792495728
5,0,28,54,35.601322174072266,0.0007299701101146638,0.971708357334137
5,0,28,55,35.50094223022461,0.0007258595433086157,0.9724341630935669
5,0,28,56,34.406944274902344,0.0006818125839345157,0.9731159806251526
5,0,28,57,33.45208740234375,0.0006444945465773344,0.9737604856491089
5,0,28,58,33.17729949951172,0.0006339498213492334,0.9743944406509399
5,0,28,59,33.05159378051758,0.0006291549652814865,0.9750235676765442
5,0,28,60,32.56154251098633,0.0006106364890001714,0.9756342172622681
5,0,28,61,32.19624710083008,0.0005970123456791043,0.9762312173843384
5,0,28,62,31.653722763061523,0.0005770619609393179,0.9768082499504089
5,0,28,63,31.471036911010742,0.0005704202339984477,0.9773787260055542
5,0,28,64,31.245779037475586,0.0005622837343253195,0.9779410362243652
5,0,28,65,30.71781349182129,0.0005434422637335956,0.9784844517707825
5,0,28,66,30.232967376708984,0.0005264224018901587,0.9790108799934387
5,0,28,67,30.088363647460938,0.0005213987315073609,0.9795323014259338
5,0,28,68,29.648462295532227,0.0005062641575932503,0.980038583278656
5,0,28,69,29.121843338012695,0.0004884392837993801,0.9805270433425903
5,0,28,70,28.79549217224121,0.0004775532870553434,0.9810045957565308
5,0,28,71,28.30974006652832,0.00046157746692188084,0.9814660549163818
5,0,28,72,27.969680786132812,0.000450555031420663,0.981916606426239
5,0,28,73,27.351354598999023,0.00043085438665002584,0.9823474884033203
5,0,28,74,26.963973999023438,0.00041873633745126426,0.9827662110328674
5,0,28,75,26.693349838256836,0.0004103731771465391,0.983176589012146
5,0,28,76,26.372154235839844,0.0004005567461717874,0.9835771322250366
5,0,28,77,26.133037567138672,0.0003933259577024728,0.9839704632759094
5,0,28,78,25.99567222595215,0.0003892018867190927,0.9843596816062927
5,0,28,79,25.488296508789062,0.0003741575055755675,0.9847338795661926
5,0,28,80,25.203895568847656,0.0003658542991615832,0.985099732875824
5,0,28,81,25.07413101196289,0.00036209673271514475,0.9854618310928345
5,0,28,82,24.99791145324707,0.0003598986950237304,0.9858217239379883
5,0,28,83,24.541994094848633,0.00034689056337811053,0.986168622970581
5,0,28,84,24.225339889526367,0.0003379967820364982,0.9865066409111023
5,0,28,85,24.056133270263672,0.0003332916821818799,0.9868399500846863
5,0,28,86,23.76085090637207,0.0003251597809139639,0.987165093421936
5,0,28,87,23.595563888549805,0.00032065168488770723,0.9874857068061829
5,0,28,88,23.136606216430664,0.0003082990297116339,0.9877939820289612
5,0,28,89,23.003421783447266,0.00030475982930511236,0.9880987405776978
5,0,28,90,22.951719284057617,0.00030339142540469766,0.9884021282196045
5,0,28,91,22.746421813964844,0.00029798815376125276,0.9887000918388367
5,0,28,92,22.1256046295166,0.00028194417245686054,0.9889820218086243
5,0,28,93,22.007051467895508,0.0002789308491628617,0.9892609715461731
5,0,28,94,21.886089324951172,0.00027587299700826406,0.9895368218421936
5,0,28,95,21.697946548461914,0.00027115028933621943,0.9898080229759216
5,0,28,96,21.464109420776367,0.0002653374685905874,0.9900733828544617
5,0,28,97,21.33135414123535,0.0002620653831399977,0.9903354644775391
5,0,28,98,21.099170684814453,0.0002563915040809661,0.9905918836593628
5,0,28,99,20.970218658447266,0.00025326706236228347,0.9908451437950134
5,0,28,100,20.640567779541016,0.0002453669731039554,0.9910905361175537
5,0,28,101,20.456363677978516,0.0002410070301266387,0.9913315176963806
5,0,28,102,20.27923011779785,0.00023685127962380648,0.991568386554718
5,0,28,103,20.156356811523438,0.00023398979101330042,0.9918023347854614
5,0,28,104,20.071043014526367,0.00023201320436783135,0.992034375667572
5,0,28,105,19.892168045043945,0.00022789620561525226,0.9922622442245483
5,0,28,106,19.475507736206055,0.00021844917500857264,0.9924806952476501
5,0,28,107,19.34420394897461,0.00021551352983806282,0.992696225643158
5,0,28,108,19.17881965637207,0.00021184419165365398,0.9929080605506897
5,0,28,109,19.152233123779297,0.0002112572838086635,0.9931192994117737
5,0,28,110,18.783096313476562,0.00020319227769505233,0.993322491645813
5,0,28,111,18.597152709960938,0.00019918917678296566,0.9935216903686523
5,0,28,112,18.493778228759766,0.00019698090909514576,0.993718683719635
5,0,28,113,18.459136962890625,0.00019624365086201578,0.9939149022102356
5,0,28,114,18.219261169433594,0.00019117642659693956,0.9941060543060303
5,0,28,115,17.969219207763672,0.00018596502195578068,0.9942920207977295
5,0,28,116,17.767072677612305,0.00018180448387283832,0.9944738149642944
5,0,28,117,17.679931640625,0.00018002548313234001,0.9946538209915161
5,0,28,118,17.5087890625,0.000176557048689574,0.9948303699493408
5,0,28,119,17.396800994873047,0.00017430570733267814,0.9950047731399536
5,0,28,120,17.285886764526367,0.00017209020734298974,0.9951768517494202
5,0,28,121,17.218210220336914,0.0001707453338894993,0.9953476190567017
5,0,28,122,16.862565994262695,0.00016376464918721467,0.9955114126205444
5,0,28,123,16.721763610839844,0.00016104118549264967,0.9956724643707275
5,0,28,124,16.612939834594727,0.0001589519379194826,0.9958314299583435
5,0,28,125,16.547727584838867,0.00015770649770274758,0.9959891438484192
5,0,28,126,16.31026840209961,0.00015321279352065176,0.9961423277854919
5,0,28,127,16.084096908569336,0.0001489931164542213,0.9962912797927856
5,0,28,128,15.999515533447266,0.00014743021165486425,0.9964386820793152
5,0,28,129,15.880651473999023,0.00014524775906465948,0.9965839385986328
5,0,28,130,15.831554412841797,0.00014435105549637228,0.996728241443634
5,0,28,131,15.62940788269043,0.0001406882656738162,0.9968689680099487
5,0,28,132,15.490609169006348,0.00013820055755786598,0.9970071315765381
5,0,28,133,15.24421501159668,0.00013383908662945032,0.9971410036087036
5,0,28,134,15.130094528198242,0.00013184270937927067,0.9972728490829468
5,0,28,135,14.94107437133789,0.00012856906687375158,0.9974014163017273
5,0,28,136,14.836691856384277,0.00012677890481427312,0.9975281953811646
5,0,28,137,14.723506927490234,0.000124851954751648,0.997653067111969
5,0,28,138,14.600814819335938,0.00012277982023078948,0.9977757930755615
5,0,28,139,14.38504409790039,0.00011917775555048138,0.9978950023651123
5,0,28,140,14.258143424987793,0.00011708433157764375,0.9980120658874512
5,0,28,141,14.045693397521973,0.0001136211576522328,0.9981257319450378
5,0,28,142,13.985453605651855,0.00011264863860560581,0.9982383251190186
5,0,28,143,13.850915908813477,0.00011049173917854205,0.9983487725257874
5,0,28,144,13.779156684875488,0.00010934982856269926,0.9984581470489502
5,0,28,145,13.692832946777344,0.00010798400762723759,0.9985661506652832
5,0,28,146,13.510781288146973,0.00010513171582715586,0.9986712336540222
5,0,28,147,13.355283737182617,0.00010272568761138245,0.998773992061615
5,0,28,148,13.196625709533691,0.00010029946133727208,0.998874306678772
5,0,28,149,13.138299942016602,9.941482858266681e-05,0.9989736676216125
5,0,28,150,12.941665649414062,9.646131366025656e-05,0.9990701675415039
5,0,28,151,12.52646255493164,9.037112613441423e-05,0.9991605281829834
5,0,28,152,12.516207695007324,9.022322774399072e-05,0.9992507696151733
5,0,28,153,12.3347806930542,8.762654761085287e-05,0.9993383884429932
5,0,28,154,12.113239288330078,8.450714085483924e-05,0.9994229078292847
5,0,28,155,11.811141014099121,8.034457277972251e-05,0.9995032548904419
5,0,28,156,11.744719505310059,7.944345270516351e-05,0.9995826482772827
5,0,28,157,11.656259536743164,7.825124339433387e-05,0.9996609091758728
5,0,28,158,11.400489807128906,7.485482638003305e-05,0.9997357726097107
5,0,28,159,11.243307113647461,7.280496356543154e-05,0.999808669090271
5,0,28,160,11.081607818603516,7.072588050505146e-05,0.9998793601989746
5,0,28,161,10.691094398498535,6.582898640772328e-05,0.9999452233314514
5,0,28,162,9.753036499023438,5.4783846280770376e-05,1.0
10,0,28,0,1016.353271484375,0.5842241644859314,0.5842241644859314
10,0,28,1,438.83154296875,0.10891451686620712,0.6931386590003967
10,0,28,2,207.9178009033203,0.024449694901704788,0.7175883650779724
10,0,28,3,169.572998046875,0.01626310683786869,0.7338514924049377
10,0,28,4,165.34323120117188,0.015461903065443039,0.7493134140968323
10,0,28,5,153.95281982421875,0.013404956087470055,0.7627183794975281
10,0,28,6,146.22218322753906,0.01209251582622528,0.7748109102249146
10,0,28,7,139.50897216796875,0.011007644236087799,0.7858184576034546
10,0,28,8,126.7236328125,0.009082498028874397,0.7949009537696838
10,0,28,9,120.18792724609375,0.008169806562364101,0.8030707836151123
10,0,28,10,116.54769897460938,0.007682410534471273,0.8107531666755676
10,0,28,11,112.34382629394531,0.007138197310268879,0.8178913593292236
10,0,28,12,106.59921264648438,0.006426849402487278,0.8243182301521301
10,0,28,13,101.60062408447266,0.005838252138346434,0.8301565051078796
10,0,28,14,99.26746368408203,0.005573191214352846,0.835729718208313
10,0,28,15,94.96549224853516,0.005100605543702841,0.8408303260803223
10,0,28,16,92.695068359375,0.004859631881117821,0.8456899523735046
10,0,28,17,89.62317657470703,0.004542875103652477,0.8502328395843506
10,0,28,18,88.02957153320312,0.004382756073027849,0.8546155691146851
10,0,28,19,86.59900665283203,0.004241465590894222,0.8588570356369019
10,0,28,20,85.89795684814453,0.004173071123659611,0.8630301356315613
10,0,28,21,82.58692932128906,0.0038575606886297464,0.8668876886367798
10,0,28,22,80.86183166503906,0.0036980879958719015,0.8705857992172241
10,0,28,23,80.0888671875,0.003627725411206484,0.8742135167121887
10,0,28,24,76.8792953491211,0.00334278866648674,0.877556324005127
10,0,28,25,75.24703979492188,0.003202351275831461,0.8807587027549744
10,0,28,26,74.1995620727539,0.0031138150952756405,0.8838725090026855
10,0,28,27,72.16339111328125,0.0029452622402459383,0.8868177533149719
10,0,28,28,71.80180358886719,0.0029158208053559065,0.8897335529327393
10,0,28,29,71.33876037597656,0.002878334140405059,0.8926118612289429
10,0,28,30,70.63449096679688,0.0028217840008437634,0.8954336643218994
10,0,28,31,69.73321533203125,0.0027502328157424927,0.8981838822364807
10,0,28,32,68.48485565185547,0.002652645343914628,0.9008365273475647
10,0,28,33,68.26052856445312,0.0026352962013334036,0.903471827507019
10,0,28,34,67.07785034179688,0.002544769085943699,0.9060165882110596
10,0,28,35,65.78125762939453,0.0024473408702760935,0.9084639549255371
10,0,28,36,64.85260009765625,0.0023787287063896656,0.9108426570892334
10,0,28,37,64.58589935302734,0.002359204227104783,0.9132018685340881
10,0,28,38,64.05228424072266,0.002320381347090006,0.9155222773551941
10,0,28,39,62.702796936035156,0.0022236371878534555,0.9177458882331848
10,0,28,40,62.10301208496094,0.0021813001949340105,0.919927179813385
10,0,28,41,60.828304290771484,0.0020926736760884523,0.9220198392868042
10,0,28,42,60.47318649291992,0.0020683109760284424,0.9240881204605103
10,0,28,43,59.636680603027344,0.0020114860963076353,0.9260995984077454
10,0,28,44,58.987754821777344,0.0019679488614201546,0.9280675649642944
10,0,28,45,58.38221740722656,0.0019277525134384632,0.9299952983856201
10,0,28,46,57.900482177734375,0.0018960704328492284,0.9318913817405701
10,0,28,47,57.77020263671875,0.0018875474343076348,0.9337789416313171
10,0,28,48,56.45609664916992,0.0018026515608653426,0.9355815649032593
10,0,28,49,55.33852005004883,0.0017319892067462206,0.9373135566711426
10,0,28,50,54.85320281982422,0.0017017434583976865,0.9390153288841248
10,0,28,51,53.710227966308594,0.0016315638786181808,0.9406468868255615
10,0,28,52,52.98008346557617,0.0015875059179961681,0.9422343969345093
10,0,28,53,52.33640670776367,0.0015491658123210073,0.9437835812568665
10,0,28,54,51.71314239501953,0.0015124880010262132,0.945296049118042
10,0,28,55,51.36133575439453,0.0014919789973646402,0.9467880725860596
10,0,28,56,50.58881378173828,0.001447435119189322,0.9482355117797852
10,0,28,57,49.870609283447266,0.0014066286385059357,0.9496421217918396
10,0,28,58,49.4597282409668,0.001383545808494091,0.951025664806366
10,0,28,59,48.67858123779297,0.0013401886681094766,0.9523658752441406
10,0,28,60,47.780303955078125,0.0012911834055557847,0.9536570310592651
10,0,28,61,47.42277145385742,0.00127193215303123,0.9549289345741272
10,0,28,62,47.12413787841797,0.0012559632305055857,0.9561849236488342
10,0,28,63,46.375946044921875,0.0012163978535681963,0.9574013352394104
10,0,28,64,45.66929626464844,0.0011796107282862067,0.9585809707641602
10,0,28,65,45.24884796142578,0.0011579908896237612,0.9597389698028564
10,0,28,66,44.24066925048828,0.0011069639585912228,0.960845947265625
10,0,28,67,43.957462310791016,0.0010928368428722024,0.9619387984275818
10,0,28,68,43.2966194152832,0.0010602250695228577,0.9629990458488464
10,0,28,69,42.398006439208984,0.0010166722349822521,0.9640157222747803
10,0,28,70,41.806434631347656,0.0009884992614388466,0.9650042057037354
10,0,28,71,41.28650665283203,0.0009640651987865567,0.9659682512283325
10,0,28,72,41.1042594909668,0.0009555727592669427,0.9669238328933716
10,0,28,73,40.842140197753906,0.0009434243547730148,0.9678672552108765
10,0,28,74,39.971031188964844,0.0009036095580086112,0.9687708616256714
10,0,28,75,39.348114013671875,0.0008756648749113083,0.9696465134620667
10,0,28,76,39.00304412841797,0.0008603736641816795,0.9705069065093994
10,0,28,77,38.67683792114258,0.0008460422395728528,0.9713529348373413
10,0,28,78,38.09868621826172,0.000820937508251518,0.9721738696098328
10,0,28,79,37.737220764160156,0.000805433897767216,0.9729793071746826
10,0,28,80,37.167213439941406,0.0007812861003912985,0.9737606048583984
10,0,28,81,36.99689483642578,0.000774142041336745,0.9745347499847412
10,0,28,82,36.80690383911133,0.0007662115385755897,0.9753009676933289
10,0,28,83,36.002254486083984,0.0007330768276005983,0.9760340452194214
10,0,28,84,35.74003219604492,0.0007224369910545647,0.9767564535140991
10,0,28,85,35.24394607543945,0.0007025207742117345,0.9774589538574219
10,0,28,86,34.84770965576172,0.0006868131458759308,0.9781457781791687
10,0,28,87,34.08790588378906,0.0006571896956302226,0.9788029789924622
10,0,28,88,33.85163497924805,0.000648111046757549,0.979451060295105
10,0,28,89,33.194637298583984,0.0006231978768482804,0.9800742864608765
10,0,28,90,32.59153747558594,0.0006007583579048514,0.9806750416755676
10,0,28,91,32.16455078125,0.0005851202295161784,0.9812601804733276
10,0,28,92,31.39206886291504,0.0005573525559157133,0.9818175435066223
10,0,28,93,31.341012954711914,0.0005555410753004253,0.982373058795929
10,0,28,94,30.9713134765625,0.0005425119888968766,0.9829155802726746
10,0,28,95,30.431432723999023,0.000523763126693666,0.9834392666816711
10,0,28,96,30.209625244140625,0.0005161557928659022,0.983955442905426
10,0,28,97,29.951160430908203,0.0005073613720014691,0.9844627976417542
10,0,28,98,29.587100982666016,0.0004951023147441447,0.9849578738212585
10,0,28,99,29.029111862182617,0.00047660392010584474,0.9854344725608826
10,0,28,100,28.619524002075195,0.00046324945287778974,0.9858977198600769
10,0,28,101,28.294126510620117,0.00045277527533471584,0.9863504767417908
10,0,28,102,27.778902053833008,0.00043643571552820504,0.9867869019508362
10,0,28,103,27.321311950683594,0.00042217568261548877,0.9872090816497803
10,0,28,104,26.999996185302734,0.0004123039834666997,0.9876213669776917
10,0,28,105,26.712011337280273,0.00040355551755055785,0.9880249500274658
10,0,28,106,26.115447998046875,0.00038573145866394043,0.9884107112884521
10,0,28,107,25.834543228149414,0.0003774780489038676,0.9887881875038147
10,0,28,108,25.60869026184082,0.0003709068114403635,0.989159107208252
10,0,28,109,25.013086318969727,0.0003538544406183064,0.9895129799842834
10,0,28,110,24.775671005249023,0.0003471689997240901,0.9898601770401001
10,0,28,111,24.596521377563477,0.0003421665169298649,0.9902023077011108
10,0,28,112,24.224000930786133,0.0003318806120660156,0.9905341863632202
10,0,28,113,24.099918365478516,0.00032848931732587516,0.9908626675605774
10,0,28,114,23.876304626464844,0.0003224217507522553,0.9911850690841675
10,0,28,115,23.6332950592041,0.000315892044454813,0.991500973701477
10,0,28,116,23.22908592224121,0.0003051788080483675,0.991806149482727
10,0,28,117,22.805757522583008,0.0002941569546237588,0.9921002984046936
10,0,28,118,22.566408157348633,0.00028801491134800017,0.9923883080482483
10,0,28,119,22.37801742553711,0.00028322613798081875,0.992671549320221
10,0,28,120,22.025938034057617,0.0002743841032497585,0.9929459095001221
10,0,28,121,21.982643127441406,0.000273306475719437,0.9932191967964172
10,0,28,122,21.56804847717285,0.0002630945236887783,0.9934822916984558
10,0,28,123,21.330299377441406,0.0002573262026999146,0.9937396049499512
10,0,28,124,21.156272888183594,0.0002531444770283997,0.9939927458763123
10,0,28,125,20.8797664642334,0.000246570649323985,0.994239330291748
10,0,28,126,20.67042350769043,0.00024165115610230714,0.9944809675216675
10,0,28,127,20.41440200805664,0.0002357020857743919,0.9947167038917542
10,0,28,128,20.041400909423828,0.00022716753301210701,0.9949439167976379
10,0,28,129,19.958843231201172,0.00022529982379637659,0.9951692223548889
10,0,28,130,19.787220001220703,0.0002214418345829472,0.9953906536102295
10,0,28,131,19.63196563720703,0.00021798051602672786,0.9956086277961731
10,0,28,132,19.527074813842773,0.00021565744827967137,0.9958242774009705
10,0,28,133,19.212926864624023,0.0002087743632728234,0.9960330724716187
10,0,28,134,18.983051300048828,0.00020380843488965183,0.9962368607521057
10,0,28,135,18.49823570251465,0.00019353108655195683,0.9964303970336914
10,0,28,136,18.218544006347656,0.00018772298062685877,0.9966181516647339
10,0,28,137,17.713394165039062,0.00017745723016560078,0.9967955946922302
10,0,28,138,17.638774871826172,0.00017596525140106678,0.9969715476036072
10,0,28,139,17.386919021606445,0.00017097608360927552,0.9971425533294678
10,0,28,140,17.276926040649414,0.00016881967894732952,0.9973113536834717
10,0,28,141,17.04837417602539,0.0001643826690269634,0.9974757432937622
10,0,28,142,16.85428810119629,0.00016066116222646087,0.9976363778114319
10,0,28,143,16.732213973999023,0.00015834228543099016,0.9977948069572449
10,0,28,144,16.562021255493164,0.00015513748803641647,0.9979499578475952
10,0,28,145,16.106565475463867,0.00014672224642708898,0.9980966448783875
10,0,28,146,15.952117919921875,0.00014392187586054206,0.99824059009552
10,0,28,147,15.732497215270996,0.00013998626673128456,0.9983805418014526
10,0,28,148,15.529607772827148,0.00013639897224493325,0.9985169768333435
10,0,28,149,15.320907592773438,0.00013275750097818673,0.9986497163772583
10,0,28,150,15.034671783447266,0.000127843304653652,0.9987775683403015
10,0,28,151,14.77563762664795,0.000123476012959145,0.9989010095596313
10,0,28,152,14.567913055419922,0.0001200286133098416,0.999021053314209
10,0,28,153,14.479947090148926,0.00011858344078063965,0.999139666557312
10,0,28,154,13.965697288513184,0.0001103101167245768,0.9992499351501465
10,0,28,155,13.91952133178711,0.00010958186612697318,0.9993595480918884
10,0,28,156,13.66694164276123,0.00010564106923993677,0.9994651675224304
10,0,28,157,13.42984390258789,0.00010200747783528641,0.9995672106742859
10,0,28,158,13.226640701293945,9.89439504337497e-05,0.999666154384613
10,0,28,159,12.830245971679688,9.310222958447412e-05,0.9997592568397522
10,0,28,160,12.456818580627441,8.776157483225688e-05,0.9998469948768616
10,0,28,161,11.864357948303223,7.961200753925368e-05,0.9999266266822815
10,0,28,162,11.411170959472656,7.364623161265627e-05,1.000000238418579
20,0,28,0,1036.2989501953125,0.5687608122825623,0.5687608122825623
20,0,28,1,398.005615234375,0.08389536291360855,0.6526561975479126
20,0,28,2,291.8595275878906,0.04511358216404915,0.6977697610855103
20,0,28,3,203.75997924804688,0.021988587453961372,0.7197583317756653
20,0,28,4,192.93991088867188,0.019715314731001854,0.7394736409187317
20,0,28,5,158.46885681152344,0.013299871236085892,0.7527735233306885
20,0,28,6,144.52520751953125,0.011062334291636944,0.7638358473777771
20,0,28,7,139.37425231933594,0.010287851095199585,0.7741237878799438
20,0,28,8,122.4758071899414,0.007944383658468723,0.7820681929588318
20,0,28,9,119.75959014892578,0.007595916278660297,0.789664089679718
20,0,28,10,116.38749694824219,0.007174179423600435,0.7968382835388184
20,0,28,11,112.73695373535156,0.006731194909662008,0.803569495677948
20,0,28,12,108.00421905517578,0.0061779017560184,0.8097473978996277
20,0,28,13,106.10968017578125,0.0059630656614899635,0.8157104849815369
20,0,28,14,101.47695922851562,0.005453740246593952,0.8211642503738403
20,0,28,15,98.76118469238281,0.005165735259652138,0.8263298273086548
20,0,28,16,98.10797119140625,0.005097628105431795,0.8314274549484253
20,0,28,17,93.49264526367188,0.004629291128367186,0.8360567688941956
20,0,28,18,89.98538208007812,0.004288481082767248,0.8403452634811401
20,0,28,19,89.4529037475586,0.0042378781363368034,0.8445831537246704
20,0,28,20,88.48634338378906,0.0041467901319265366,0.8487299680709839
20,0,28,21,86.89148712158203,0.003998655825853348,0.8527286052703857
20,0,28,22,84.54822540283203,0.003785894950851798,0.8565145134925842
20,0,28,23,82.75950622558594,0.0036273992154747248,0.860141932964325
20,0,28,24,81.74850463867188,0.003539314726367593,0.8636812567710876
20,0,28,25,79.34923553466797,0.0033346102572977543,0.8670158386230469
20,0,28,26,77.68090057373047,0.0031958622857928276,0.8702117204666138
20,0,28,27,77.16608428955078,0.003153642639517784,0.8733653426170349
20,0,28,28,76.524169921875,0.0031013931147754192,0.8764667510986328
20,0,28,29,75.2802505493164,0.0030013849027454853,0.8794681429862976
20,0,28,30,74.81180572509766,0.002964147599413991,0.8824322819709778
20,0,28,31,73.84259796142578,0.0028878427110612392,0.8853200674057007
20,0,28,32,73.25381469726562,0.0028419739101082087,0.8881620168685913
20,0,28,33,72.40953063964844,0.002776841167360544,0.8909388780593872
20,0,28,34,72.12310028076172,0.0027549159713089466,0.8936938047409058
20,0,28,35,70.96908569335938,0.0026674605906009674,0.8963612914085388
20,0,28,36,69.90647888183594,0.0025881798937916756,0.8989494442939758
20,0,28,37,69.279052734375,0.002541929017752409,0.9014913439750671
20,0,28,38,67.42928314208984,0.002408000873401761,0.9038993716239929
20,0,28,39,66.85182189941406,0.0023669335059821606,0.9062663316726685
20,0,28,40,66.48916625976562,0.0023413230665028095,0.9086076617240906
20,0,28,41,66.21666717529297,0.002322171116247773,0.9109298586845398
20,0,28,42,65.39690399169922,0.0022650298196822405,0.9131948947906494
20,0,28,43,64.49724578857422,0.0022031390108168125,0.9153980612754822
20,0,28,44,63.52544403076172,0.002137248171493411,0.9175353050231934
20,0,28,45,63.074642181396484,0.0021070223301649094,0.9196423292160034
20,0,28,46,62.277584075927734,0.002054107142612338,0.9216964244842529
20,0,28,47,61.48598861694336,0.002002220368012786,0.9236985445022583
20,0,28,48,60.80514907836914,0.001958124339580536,0.9256566762924194
20,0,28,49,60.350955963134766,0.0019289805786684155,0.9275856614112854
20,0,28,50,59.72184371948242,0.001888974104076624,0.9294746518135071
20,0,28,51,59.302513122558594,0.0018625407246872783,0.9313371777534485
20,0,28,52,58.6178092956543,0.001819779397919774,0.9331569671630859
20,0,28,53,58.1156120300293,0.0017887316644191742,0.9349457025527954
20,0,28,54,57.6834716796875,0.0017622290179133415,0.9367079138755798
20,0,28,55,56.98862838745117,0.0017200298607349396,0.9384279251098633
20,0,28,56,56.919700622558594,0.0017158716218546033,0.9401438236236572
20,0,28,57,56.37139129638672,0.0016829726519063115,0.9418268203735352
20,0,28,58,55.28759765625,0.0016188813606277108,0.9434456825256348
20,0,28,59,55.22523498535156,0.001615231274627149,0.9450609087944031
20,0,28,60,54.34126663208008,0.001563936355523765,0.9466248154640198
20,0,28,61,53.14689254760742,0.0014959439868107438,0.9481207728385925
20,0,28,62,52.820247650146484,0.0014776120660826564,0.9495983719825745
20,0,28,63,52.3882942199707,0.001453543663956225,0.9510520100593567
20,0,28,64,52.17379379272461,0.0014416651101782918,0.9524936676025391
20,0,28,65,51.23676300048828,0.0013903460931032896,0.9538840055465698
20,0,28,66,50.67847442626953,0.0013602121034637094,0.955244243144989
20,0,28,67,50.5714111328125,0.0013544709654524922,0.956598699092865
20,0,28,68,50.20873260498047,0.0013351131929084659,0.957933783531189
20,0,28,69,49.847137451171875,0.0013159518130123615,0.95924973487854
20,0,28,70,48.27968215942383,0.0012344922870397568,0.9604842066764832
20,0,28,71,47.787254333496094,0.0012094383127987385,0.9616936445236206
20,0,28,72,46.98727035522461,0.0011692838743329048,0.9628629088401794
20,0,28,73,46.59279251098633,0.0011497332016006112,0.964012622833252
20,0,28,74,45.96784973144531,0.0011190975783392787,0.9651317000389099
20,0,28,75,45.21881866455078,0.001082924078218639,0.9662145972251892
20,0,28,76,44.554473876953125,0.0010513376910239458,0.9672659635543823
20,0,28,77,44.408050537109375,0.0010444388026371598,0.9683104157447815
20,0,28,78,43.7576789855957,0.001014070468954742,0.9693244695663452
20,0,28,79,42.679805755615234,0.0009647270198911428,0.9702892303466797
20,0,28,80,42.439979553222656,0.0009539154707454145,0.971243143081665
20,0,28,81,41.829559326171875,0.0009266722481697798,0.972169816493988
20,0,28,82,41.03219985961914,0.0008916803053580225,0.9730615019798279
20,0,28,83,40.71794509887695,0.0008780743228271604,0.9739395976066589
20,0,28,84,39.361759185791016,0.0008205566555261612,0.9747601747512817
20,0,28,85,39.11339569091797,0.0008102342253550887,0.9755703806877136
20,0,28,86,38.679996490478516,0.0007923779776319861,0.9763627648353577
20,0,28,87,38.351016998291016,0.0007789567462168634,0.9771416783332825
20,0,28,88,38.080623626708984,0.0007680114358663559,0.9779096841812134
20,0,28,89,37.656009674072266,0.0007509796414524317,0.9786606431007385
20,0,28,90,36.74187088012695,0.0007149605662561953,0.9793756008148193
20,0,28,91,36.71803283691406,0.0007140332018025219,0.9800896048545837
20,0,28,92,35.62093734741211,0.000672001508064568,0.9807615876197815
20,0,28,93,35.389991760253906,0.000663316051941365,0.9814249277114868
20,0,28,94,34.837196350097656,0.0006427557091228664,0.9820677042007446
20,0,28,95,34.66287612915039,0.000636339362245053,0.9827041625976562
20,0,28,96,34.33614730834961,0.0006243997486308217,0.9833285808563232
20,0,28,97,33.85685348510742,0.0006070895469747484,0.9839356541633606
20,0,28,98,33.13530731201172,0.0005814891192130744,0.9845171570777893
20,0,28,99,32.57867431640625,0.000562116561923176,0.985079288482666
20,0,28,100,32.0062141418457,0.0005425355047918856,0.9856218099594116
20,0,28,101,31.65416717529297,0.0005306661478243768,0.9861524701118469
20,0,28,102,31.507219314575195,0.0005257505690678954,0.9866782426834106
20,0,28,103,31.013641357421875,0.0005094071966595948,0.9871875643730164
20,0,28,104,29.910184860229492,0.00047380293835885823,0.9876613616943359
20,0,28,105,29.101274490356445,0.0004485218087211251,0.9881098866462708
20,0,28,106,28.775623321533203,0.0004385398351587355,0.9885483980178833
20,0,28,107,28.132482528686523,0.00041915601468645036,0.9889675378799438
20,0,28,108,28.08553123474121,0.00041775807039812207,0.9893853068351746
20,0,28,109,27.62393569946289,0.00040413893293589354,0.9897894263267517
20,0,28,110,27.138559341430664,0.0003900615556631237,0.9901794791221619
20,0,28,111,26.33001136779785,0.0003671653103083372,0.990546703338623
20,0,28,112,26.268123626708984,0.0003654413449112326,0.990912139415741
20,0,28,113,25.806446075439453,0.0003527085355017334,0.991264820098877
20,0,28,114,25.238168716430664,0.0003373457584530115,0.9916021823883057
20,0,28,115,24.660228729248047,0.0003220725920982659,0.9919242262840271
20,0,28,116,23.885040283203125,0.0003021423181053251,0.9922263622283936
20,0,28,117,23.680282592773438,0.0002969841880258173,0.9925233721733093
20,0,28,118,23.322736740112305,0.000288083654595539,0.9928114414215088
20,0,28,119,22.887216567993164,0.0002774249587673694,0.9930889010429382
20,0,28,120,22.826810836791992,0.0002759624912869185,0.9933648705482483
20,0,28,121,22.574853897094727,0.00026990409241989255,0.9936347603797913
20,0,28,122,22.288341522216797,0.00026309650274924934,0.9938978552818298
20,0,28,123,21.70061683654785,0.0002494041691534221,0.9941472411155701
20,0,28,124,21.679636001586914,0.0002489221515133977,0.9943961501121521
20,0,28,125,21.00160789489746,0.00023359560873359442,0.9946297407150269
20,0,28,126,20.89520263671875,0.0002312345604877919,0.9948609471321106
20,0,28,127,20.524063110351562,0.0002230931568192318,0.9950841665267944
20,0,28,128,20.332448959350586,0.0002189469669247046,0.9953031539916992
20,0,28,129,20.1740665435791,0.000215549225686118,0.995518684387207
20,0,28,130,19.539012908935547,0.00020219238649588078,0.9957208633422852
20,0,28,131,19.425254821777344,0.00019984487153124064,0.995920717716217
20,0,28,132,19.276155471801758,0.0001967888092622161,0.9961175322532654
20,0,28,133,19.1600399017334,0.000194425112567842,0.9963119626045227
20,0,28,134,18.933561325073242,0.00018985594215337187,0.9965018033981323
20,0,28,135,18.644390106201172,0.00018410090706311166,0.9966859221458435
20,0,28,136,18.25586700439453,0.00017650803783908486,0.9968624114990234
20,0,28,137,18.08218765258789,0.0001731655647745356,0.997035562992096
20,0,28,138,17.963098526000977,0.00017089213361032307,0.997206449508667
20,0,28,139,17.813358306884766,0.0001680549030425027,0.9973745346069336
20,0,28,140,17.458480834960938,0.00016142561798915267,0.9975359439849854
20,0,28,141,17.061368942260742,0.0001541655365144834,0.9976900815963745
20,0,28,142,16.778156280517578,0.00014908984303474426,0.9978392124176025
20,0,28,143,16.62981414794922,0.00014646517229266465,0.9979856014251709
20,0,28,144,16.389089584350586,0.000142255550599657,0.9981278777122498
20,0,28,145,16.328086853027344,0.0001411985285812989,0.9982690811157227
20,0,28,146,16.073198318481445,0.00013682460121344775,0.9984058737754822
20,0,28,147,15.924333572387695,0.00013430188118945807,0.9985401630401611
20,0,28,148,15.524656295776367,0.00012764493294525892,0.99866783618927
20,0,28,149,15.158705711364746,0.00012169810361228883,0.9987895488739014
20,0,28,150,15.018208503723145,0.00011945266305701807,0.9989089965820312
20,0,28,151,14.479952812194824,0.00011104368604719639,0.9990200400352478
20,0,28,152,14.339937210083008,0.00010890656994888559,0.9991289377212524
20,0,28,153,14.251659393310547,0.0001075698237400502,0.999236524105072
20,0,28,154,13.866195678710938,0.00010182963887928054,0.9993383288383484
20,0,28,155,13.483551979064941,9.62871199590154e-05,0.9994346499443054
20,0,28,156,13.262730598449707,9.315914212493226e-05,0.9995278120040894
20,0,28,157,13.066575050354004,9.042386955115944e-05,0.9996182322502136
20,0,28,158,12.629264831542969,8.447257278021425e-05,0.9997026920318604
20,0,28,159,12.436334609985352,8.191139932023361e-05,0.9997845888137817
20,0,28,160,12.176910400390625,7.852967246435583e-05,0.9998630881309509
20,0,28,161,11.776208877563477,7.344640471274033e-05,0.9999365210533142
20,0,28,162,10.944860458374023,6.34424650343135e-05,1.0
40,0,28,0,960.6134033203125,0.46281754970550537,0.46281754970550537
40,0,28,1,263.2298889160156,0.0347522497177124,0.4975697994232178
40,0,28,2,211.5099334716797,0.022437479346990585,0.5200072526931763
40,0,28,3,200.9056396484375,0.020244020968675613,0.5402512550354004
40,0,28,4,185.52313232421875,0.017262697219848633,0.557513952255249
40,0,28,5,168.32835388183594,0.0142110800370574,0.5717250108718872
40,0,28,6,164.1208038330078,0.013509516604244709,0.585234522819519
40,0,28,7,155.1345977783203,0.012070627883076668,0.5973052382469177
40,0,28,8,152.923583984375,0.011729013174772263,0.6090342402458191
40,0,28,9,143.96401977539062,0.010394902899861336,0.6194291710853577
40,0,28,10,141.7687225341797,0.010080298408865929,0.629509449005127
40,0,28,11,138.7633056640625,0.009657436050474644,0.6391668915748596
40,0,28,12,137.59519958496094,0.009495527483522892,0.6486624479293823
40,0,28,13,126.70693969726562,0.008052177727222443,0.6567146182060242
40,0,28,14,124.27179718017578,0.007745646871626377,0.6644602417945862
40,0,28,15,121.4544448852539,0.007398426532745361,0.6718586683273315
40,0,28,16,119.59569549560547,0.007173707243055105,0.6790323853492737
40,0,28,17,115.92654418945312,0.006740286014974117,0.6857726573944092
40,0,28,18,114.81975555419922,0.0066121965646743774,0.6923848390579224
40,0,28,19,112.96610260009766,0.006400425452739,0.6987852454185486
40,0,28,20,110.42721557617188,0.006115961819887161,0.7049012184143066
40,0,28,21,109.10584259033203,0.005970470141619444,0.710871696472168
40,0,28,22,105.14081573486328,0.0055444082245230675,0.7164161205291748
40,0,28,23,103.00959777832031,0.005321914795786142,0.7217379808425903
40,0,28,24,102.37284088134766,0.005256322678178549,0.7269942760467529
40,0,28,25,101.26619720458984,0.005143295973539352,0.7321375608444214
40,0,28,26,100.10865783691406,0.0050263856537640095,0.7371639609336853
40,0,28,27,97.82485961914062,0.004799665883183479,0.7419636249542236
40,0,28,28,96.43968200683594,0.0046647037379443645,0.7466283440589905
40,0,28,29,95.15007019042969,0.004540783353149891,0.7511691451072693
40,0,28,30,94.90235137939453,0.004517170134931803,0.755686342716217
40,0,28,31,93.48714447021484,0.004383452236652374,0.760069727897644
40,0,28,32,93.12289428710938,0.004349360708147287,0.7644190788269043
40,0,28,33,90.87445831298828,0.004141867160797119,0.7685609459877014
40,0,28,34,89.69721984863281,0.004035250283777714,0.7725961804389954
40,0,28,35,89.57875061035156,0.004024598281830549,0.7766208052635193
40,0,28,36,89.46317291259766,0.004014219623059034,0.7806349992752075
40,0,28,37,88.6749267578125,0.0039437939412891865,0.784578800201416
40,0,28,38,87.74362182617188,0.003861389821395278,0.7884401679039001
40,0,28,39,86.78369903564453,0.003777364268898964,0.7922176122665405
40,0,28,40,86.29181671142578,0.003734665922820568,0.7959522604942322
40,0,28,41,85.83544921875,0.0036952674854546785,0.7996475100517273
40,0,28,42,84.46957397460938,0.003578599775210023,0.803226113319397
40,0,28,43,84.27783203125,0.003562371712177992,0.8067885041236877
40,0,28,44,83.67974090576172,0.0035119892563670874,0.8103004693984985
40,0,28,45,83.33423614501953,0.0034830477088689804,0.8137835264205933
40,0,28,46,82.44306945800781,0.003408951684832573,0.8171924948692322
40,0,28,47,80.31670379638672,0.003235372481867671,0.8204278945922852
40,0,28,48,79.7399673461914,0.0031890743412077427,0.8236169815063477
40,0,28,49,79.42855834960938,0.003164214314892888,0.8267812132835388
40,0,28,50,78.41979217529297,0.0030843515414744616,0.829865574836731
40,0,28,51,77.2300033569336,0.002991470042616129,0.832857072353363
40,0,28,52,76.81129455566406,0.002959120785817504,0.8358162045478821
40,0,28,53,76.26539611816406,0.0029172091744840145,0.838733434677124
40,0,28,54,75.74736785888672,0.002877713879570365,0.8416111469268799
40,0,28,55,75.36946868896484,0.0028490719851106405,0.844460129737854
40,0,28,56,75.02546691894531,0.0028231239411979914,0.8472832441329956
40,0,28,57,74.42818450927734,0.002778352703899145,0.8500615954399109
40,0,28,58,73.77660369873047,0.002729919506236911,0.8527914881706238
40,0,28,59,73.65433502197266,0.0027208784595131874,0.8555123805999756
40,0,28,60,73.40503692626953,0.0027024908922612667,0.8582148551940918
40,0,28,61,72.88330078125,0.0026642109733074903,0.8608790636062622
40,0,28,62,71.95648193359375,0.0025968828704208136,0.8634759187698364
40,0,28,63,71.14949035644531,0.0025389615911990404,0.8660149574279785
40,0,28,64,70.9173355102539,0.002522419672459364,0.8685373663902283
40,0,28,65,70.55292510986328,0.0024965633638203144,0.8710339069366455
40,0,28,66,69.82611083984375,0.002445390447974205,0.8734793066978455
40,0,28,67,69.6293716430664,0.0024316299241036177,0.8759109377861023
40,0,28,68,68.87654113769531,0.0023793329019099474,0.8782902956008911
40,0,28,69,68.43243408203125,0.0023487485013902187,0.8806390166282654
40,0,28,70,67.97438049316406,0.00231741089373827,0.8829564452171326
40,0,28,71,67.625244140625,0.002293666359037161,0.8852500915527344
40,0,28,72,67.101318359375,0.0022582635283470154,0.8875083327293396
40,0,28,73,66.73518371582031,0.0022336868569254875,0.8897420167922974
40,0,28,74,66.26737976074219,0.002202480798587203,0.8919444680213928
40,0,28,75,65.61627960205078,0.002159413183107972,0.8941038846969604
40,0,28,76,65.0736083984375,0.002123842481523752,0.8962277173995972
40,0,28,77,64.7667236328125,0.0021038579288870096,0.8983315825462341
40,0,28,78,64.4748306274414,0.0020849371794611216,0.9004164934158325
40,0,28,79,63.89128875732422,0.002047367626801133,0.9024639129638672
40,0,28,80,63.750179290771484,0.0020383340306580067,0.904502272605896
40,0,28,81,63.42940902709961,0.0020178731065243483,0.9065201282501221
40,0,28,82,62.748863220214844,0.0019748052582144737,0.9084949493408203
40,0,28,83,62.379302978515625,0.0019516124157235026,0.9104465842247009
40,0,28,84,62.04389190673828,0.0019306812901049852,0.9123772382736206
40,0,28,85,61.37109375,0.0018890360370278358,0.9142662882804871
40,0,28,86,60.922996520996094,0.001861551427282393,0.9161278605461121
40,0,28,87,60.57748031616211,0.001840496202930808,0.9179683923721313
40,0,28,88,60.255088806152344,0.0018209583358839154,0.9197893738746643
40,0,28,89,60.253292083740234,0.001820849720388651,0.9216102361679077
40,0,28,90,59.34282684326172,0.0017662369646131992,0.9233765006065369
40,0,28,91,59.25539779663086,0.0017610364593565464,0.9251375198364258
40,0,28,92,58.93952560424805,0.0017423115205019712,0.9268798232078552
40,0,28,93,58.51463317871094,0.0017172816442325711,0.928597092628479
40,0,28,94,57.97854995727539,0.0016859598690643907,0.9302830696105957
40,0,28,95,57.27997970581055,0.0016455771401524544,0.9319285154342651
40,0,28,96,57.16494369506836,0.0016389740630984306,0.933567464351654
40,0,28,97,56.5322380065918,0.0016028943937271833,0.9351703524589539
40,0,28,98,56.47906494140625,0.001599880401045084,0.9367702603340149
40,0,28,99,56.12155532836914,0.0015796901425346732,0.9383499622344971
40,0,28,100,55.373043060302734,0.0015378334792330861,0.9398878216743469
40,0,28,101,55.169498443603516,0.0015265485271811485,0.9414143562316895
40,0,28,102,54.67436981201172,0.0014992707874625921,0.9429136514663696
40,0,28,103,54.177154541015625,0.0014721257612109184,0.9443857073783875
40,0,28,104,53.91524887084961,0.0014579269336536527,0.9458436369895935
40,0,28,105,53.286434173583984,0.0014241175958886743,0.9472677707672119
40,0,28,106,53.07611083984375,0.0014128976035863161,0.9486806392669678
40,0,28,107,52.81120681762695,0.0013988292776048183,0.9500794410705566
40,0,28,108,52.434654235839844,0.0013789526419714093,0.9514583945274353
40,0,28,109,52.31024169921875,0.001372416620142758,0.9528307914733887
40,0,28,110,52.092647552490234,0.0013610228197649121,0.9541918039321899
40,0,28,111,51.55360794067383,0.001333001535385847,0.9555249214172363
40,0,28,112,50.85637664794922,0.0012971892720088363,0.9568220973014832
40,0,28,113,50.159423828125,0.0012618786422535777,0.958083987236023
40,0,28,114,49.7774772644043,0.001242734375409782,0.9593267440795898
40,0,28,115,49.54909896850586,0.0012313572224229574,0.9605581164360046
40,0,28,116,49.508628845214844,0.0012293464969843626,0.9617874622344971
40,0,28,117,48.97328186035156,0.0012029039207845926,0.9629903435707092
40,0,28,118,48.8499641418457,0.0011968535836786032,0.9641872048377991
40,0,28,119,48.086524963378906,0.001159736537374556,0.9653468728065491
40,0,28,120,47.73746871948242,0.0011429607402533293,0.966489851474762
40,0,28,121,47.32715606689453,0.0011233971454203129,0.9676132202148438
40,0,28,122,47.16348648071289,0.0011156407417729497,0.9687288403511047
40,0,28,123,46.78135681152344,0.0010976354824379086,0.9698264598846436
40,0,28,124,46.337806701660156,0.0010769200744107366,0.9709033966064453
40,0,28,125,46.24333190917969,0.001072533312253654,0.9719759225845337
40,0,28,126,45.87321853637695,0.0010554337641224265,0.9730313420295715
40,0,28,127,45.45719528198242,0.0010363771580159664,0.9740678071975708
40,0,28,128,45.125030517578125,0.0010212864726781845,0.9750891327857971
40,0,28,129,44.97080612182617,0.0010143173858523369,0.9761034250259399
40,0,28,130,44.778175354003906,0.0010056464234367013,0.9771090745925903
40,0,28,131,44.16385269165039,0.0009782422566786408,0.9780873656272888
40,0,28,132,43.941646575927734,0.000968423206359148,0.9790557622909546
40,0,28,133,43.46172332763672,0.0009473848040215671,0.9800031781196594
40,0,28,134,42.871822357177734,0.0009218418272212148,0.9809250235557556
40,0,28,135,42.667274475097656,0.0009130663238465786,0.981838047504425
40,0,28,136,42.395652770996094,0.0009014781098812819,0.9827395677566528
40,0,28,137,42.28574752807617,0.0008968102629296482,0.9836363792419434
40,0,28,138,41.586769104003906,0.0008674069540575147,0.9845037460327148
40,0,28,139,41.27753448486328,0.0008545549935661256,0.9853582978248596
40,0,28,140,41.014862060546875,0.0008437135838903487,0.9862020015716553
40,0,28,141,40.44688415527344,0.000820507702883333,0.9870225191116333
40,0,28,142,40.01771926879883,0.0008031879551708698,0.9878256916999817
40,0,28,143,39.65674591064453,0.0007887632818892598,0.9886144399642944
40,0,28,144,38.809349060058594,0.0007554143667221069,0.9893698692321777
40,0,28,145,38.61253356933594,0.0007477718754671514,0.9901176691055298
40,0,28,146,38.120906829833984,0.000728851358871907,0.9908465147018433
40,0,28,147,37.92732238769531,0.0007214677170850337,0.9915679693222046
40,0,28,148,37.76200866699219,0.0007151920581236482,0.9922831654548645
40,0,28,149,37.381858825683594,0.0007008648826740682,0.9929839968681335
40,0,28,150,37.106353759765625,0.0006905721966177225,0.9936745762825012
40,0,28,151,36.56169509887695,0.0006704481202177703,0.9943450689315796
40,0,28,152,35.1953239440918,0.0006212729495018721,0.9949663281440735
40,0,28,153,34.62142562866211,0.000601177045609802,0.9955675005912781
40,0,28,154,34.23801803588867,0.00058793555945158,0.9961554408073425
40,0,28,155,33.577388763427734,0.000565465830732137,0.9967209100723267
40,0,28,156,32.95553970336914,0.0005447150906547904,0.9972655773162842
40,0,28,157,32.71259689331055,0.0005367135745473206,0.9978023171424866
40,0,28,158,31.70633888244629,0.0005042022094130516,0.9983065128326416
40,0,28,159,31.349124908447266,0.000492905150167644,0.9987993836402893
40,0,28,160,30.639577865600586,0.00047084514517337084,0.9992702603340149
40,0,28,161,27.162031173706055,0.0003700300585478544,0.9996402859687805
40,0,28,162,26.781940460205078,0.0003597465401981026,1.0
