k,condition,layer,n,safety_projection_mean,safety_projection_std,harmfulness_probe_score_mean,harmfulness_probe_score_std,kl_to_refusal_mean,kl_to_refusal_std,refusal_logmass_mean,refusal_logmass_std,compliance_logmass_mean,compliance_logmass_std,refusal_margin_mean,refusal_margin_std
5,adaptive,0,8,0.14347560238093138,0.044583578636523596,9.467045936007758e-05,0.00024762015715159934,18.35058844089508,4.834551422702737,-10.819453954696655,3.35671378252396,-10.554998397827148,2.9393065976439128,-0.26445555686950684,1.3635015928634202
5,adaptive,1,8,0.2912045493721962,0.10844711908721795,0.3775183738368355,0.4768688791972218,18.35058844089508,4.834551422702737,-10.819453954696655,3.35671378252396,-10.554998397827148,2.9393065976439128,-0.26445555686950684,1.3635015928634202
5,adaptive,2,8,0.46436764672398567,0.14046656175722613,4.632480756859211e-13,1.1131888341590286e-12,18.35058844089508,4.834551422702737,-10.819453954696655,3.35671378252396,-10.554998397827148,2.9393065976439128,-0.26445555686950684,1.3635015928634202
5,adaptive,3,8,0.605230201035738,0.1545227656186671,0.2499920022848595,0.4329949859488709,18.35058844089508,4.834551422702737,-10.819453954696655,3.35671378252396,-10.554998397827148,2.9393065976439128,-0.26445555686950684,1.3635015928634202
5,adaptive,4,8,0.6467839255928993,0.17883898754152855,0.11931186148533107,0.30826580829689115,18.35058844089508,4.834551422702737,-10.819453954696655,3.35671378252396,-10.554998397827148,2.9393065976439128,-0.26445555686950684,1.3635015928634202
5,adaptive,5,8,0.7245563305914402,0.2241944160682844,0.0,0.0,18.35058844089508,4.834551422702737,-10.819453954696655,3.35671378252396,-10.554998397827148,2.9393065976439128,-0.26445555686950684,1.3635015928634202
5,adaptive,6,8,0.6740295365452766,0.234935589787115,5.194503434449196e-32,9.872420055646041e-32,18.35058844089508,4.834551422702737,-10.819453954696655,3.35671378252396,-10.554998397827148,2.9393065976439128,-0.26445555686950684,1.3635015928634202
5,adaptive,7,8,0.6839305460453033,0.30200281910674553,8.190559429916944e-34,2.1237382547003896e-33,18.35058844089508,4.834551422702737,-10.819453954696655,3.35671378252396,-10.554998397827148,2.9393065976439128,-0.26445555686950684,1.3635015928634202
5,adaptive,8,8,0.6676155254244804,0.328099540019549,9.315115493228559e-37,2.4519044892979664e-36,18.35058844089508,4.834551422702737,-10.819453954696655,3.35671378252396,-10.554998397827148,2.9393065976439128,-0.26445555686950684,1.3635015928634202
5,adaptive,9,8,0.7166790999472141,0.29247900872280547,3.2420055871117117e-25,8.575179300154425e-25,18.35058844089508,4.834551422702737,-10.819453954696655,3.35671378252396,-10.554998397827148,2.9393065976439128,-0.26445555686950684,1.3635015928634202
5,adaptive,10,8,0.812178697437048,0.3202993240234474,1.8517980360011014e-33,3.215734475866136e-33,18.35058844089508,4.834551422702737,-10.819453954696655,3.35671378252396,-10.554998397827148,2.9393065976439128,-0.26445555686950684,1.3635015928634202
5,adaptive,11,8,0.8901949375867844,0.25263348391054585,8.039546925625298e-38,2.127064181883843e-37,18.35058844089508,4.834551422702737,-10.819453954696655,3.35671378252396,-10.554998397827148,2.9393065976439128,-0.26445555686950684,1.3635015928634202
5,adaptive,12,8,0.9185407236218452,0.28201027327219985,0.0,0.0,18.35058844089508,4.834551422702737,-10.819453954696655,3.35671378252396,-10.554998397827148,2.9393065976439128,-0.26445555686950684,1.3635015928634202
5,adaptive,13,8,0.9010279439389706,0.3025464922764758,0.0,0.0,18.35058844089508,4.834551422702737,-10.819453954696655,3.35671378252396,-10.554998397827148,2.9393065976439128,-0.26445555686950684,1.3635015928634202
5,adaptive,14,8,1.1035960912704468,0.2774985398547584,0.0,0.0,18.35058844089508,4.834551422702737,-10.819453954696655,3.35671378252396,-10.554998397827148,2.9393065976439128,-0.26445555686950684,1.3635015928634202
5,adaptive,15,8,1.3421749770641327,0.473797485388174,0.0,0.0,18.35058844089508,4.834551422702737,-10.819453954696655,3.35671378252396,-10.554998397827148,2.9393065976439128,-0.26445555686950684,1.3635015928634202
5,adaptive,16,8,1.5632847175002098,0.8139452273189424,0.0,0.0,18.35058844089508,4.834551422702737,-10.819453954696655,3.35671378252396,-10.554998397827148,2.9393065976439128,-0.26445555686950684,1.3635015928634202
5,adaptive,17,8,2.0559801161289215,1.0171446508450546,0.0,0.0,18.35058844089508,4.834551422702737,-10.819453954696655,3.35671378252396,-10.554998397827148,2.9393065976439128,-0.26445555686950684,1.3635015928634202
5,adaptive,18,8,1.928912676870823,1.273615024233893,0.0,0.0,18.35058844089508,4.834551422702737,-10.819453954696655,3.35671378252396,-10.554998397827148,2.9393065976439128,-0.26445555686950684,1.3635015928634202
5,adaptive,19,8,2.2002225145697594,1.4816054277899093,0.0,0.0,18.35058844089508,4.834551422702737,-10.819453954696655,3.35671378252396,-10.554998397827148,2.9393065976439128,-0.26445555686950684,1.3635015928634202
5,adaptive,20,8,2.549584161490202,1.7261181165119646,0.0,0.0,18.35058844089508,4.834551422702737,-10.819453954696655,3.35671378252396,-10.554998397827148,2.9393065976439128,-0.26445555686950684,1.3635015928634202
5,adaptive,21,8,2.865990161895752,2.002319612028781,0.0,0.0,18.35058844089508,4.834551422702737,-10.819453954696655,3.35671378252396,-10.554998397827148,2.9393065976439128,-0.26445555686950684,1.3635015928634202
5,adaptive,22,8,3.2955410182476044,2.165930483455164,0.0,0.0,18.35058844089508,4.834551422702737,-10.819453954696655,3.35671378252396,-10.554998397827148,2.9393065976439128,-0.26445555686950684,1.3635015928634202
5,adaptive,23,8,3.015651263296604,2.0087146818556354,0.0,0.0,18.35058844089508,4.834551422702737,-10.819453954696655,3.35671378252396,-10.554998397827148,2.9393065976439128,-0.26445555686950684,1.3635015928634202
5,adaptive,24,8,3.4467853158712387,2.229116259014187,0.0,0.0,18.35058844089508,4.834551422702737,-10.819453954696655,3.35671378252396,-10.554998397827148,2.9393065976439128,-0.26445555686950684,1.3635015928634202
5,adaptive,25,8,3.7113888263702393,2.045938815654954,0.0,0.0,18.35058844089508,4.834551422702737,-10.819453954696655,3.35671378252396,-10.554998397827148,2.9393065976439128,-0.26445555686950684,1.3635015928634202
5,adaptive,26,8,3.6026740670204163,1.8783604673623804,0.0,0.0,18.35058844089508,4.834551422702737,-10.819453954696655,3.35671378252396,-10.554998397827148,2.9393065976439128,-0.26445555686950684,1.3635015928634202
5,adaptive,27,8,3.9526931643486023,1.851971159361965,0.0,0.0,18.35058844089508,4.834551422702737,-10.819453954696655,3.35671378252396,-10.554998397827148,2.9393065976439128,-0.26445555686950684,1.3635015928634202
5,adaptive,28,8,6.007755763828754,4.1517631867434,0.0,0.0,18.35058844089508,4.834551422702737,-10.819453954696655,3.35671378252396,-10.554998397827148,2.9393065976439128,-0.26445555686950684,1.3635015928634202
5,clean,0,8,0.3131929039955139,0.0,8.267009252449498e-05,0.0,15.985177278518677,2.3415039646132523,-6.62574028968811,1.3131962961389234,-2.7278782725334167,1.2405061991466217,-3.897861987352371,0.5848519325474847
5,clean,1,8,0.35660018026828766,0.003517677085125167,1.0,0.0,15.985177278518677,2.3415039646132523,-6.62574028968811,1.3131962961389234,-2.7278782725334167,1.2405061991466217,-3.897861987352371,0.5848519325474847
5,clean,2,8,0.36295612901449203,0.015152967389396981,3.2661868832317045e-16,4.800730688379986e-16,15.985177278518677,2.3415039646132523,-6.62574028968811,1.3131962961389234,-2.7278782725334167,1.2405061991466217,-3.897861987352371,0.5848519325474847
5,clean,3,8,0.5618149489164352,0.020522490383007543,0.985226534307003,0.032668949031999864,15.985177278518677,2.3415039646132523,-6.62574028968811,1.3131962961389234,-2.7278782725334167,1.2405061991466217,-3.897861987352371,0.5848519325474847
5,clean,4,8,0.6585427448153496,0.027313924157663833,0.9183543734252453,0.2129960666040431,15.985177278518677,2.3415039646132523,-6.62574028968811,1.3131962961389234,-2.7278782725334167,1.2405061991466217,-3.897861987352371,0.5848519325474847
5,clean,5,8,0.8974019810557365,0.06445722064582364,1.8427150118340566e-29,3.484608169755898e-29,15.985177278518677,2.3415039646132523,-6.62574028968811,1.3131962961389234,-2.7278782725334167,1.2405061991466217,-3.897861987352371,0.5848519325474847
5,clean,6,8,1.2620724439620972,0.08297978163465776,1.248859278916064e-22,3.302767712836505e-22,15.985177278518677,2.3415039646132523,-6.62574028968811,1.3131962961389234,-2.7278782725334167,1.2405061991466217,-3.897861987352371,0.5848519325474847
5,clean,7,8,1.5462781190872192,0.0688115525418874,4.6911995701801276e-23,1.2408928309065905e-22,15.985177278518677,2.3415039646132523,-6.62574028968811,1.3131962961389234,-2.7278782725334167,1.2405061991466217,-3.897861987352371,0.5848519325474847
5,clean,8,8,1.9120209515094757,0.11698671133087608,1.2617700341966997e-28,3.3301166715136316e-28,15.985177278518677,2.3415039646132523,-6.62574028968811,1.3131962961389234,-2.7278782725334167,1.2405061991466217,-3.897861987352371,0.5848519325474847
5,clean,9,8,2.7129921317100525,0.24661182701201728,0.12452624758977619,0.3293639582621966,15.985177278518677,2.3415039646132523,-6.62574028968811,1.3131962961389234,-2.7278782725334167,1.2405061991466217,-3.897861987352371,0.5848519325474847
5,clean,10,8,3.0577516853809357,0.2589573173723111,6.858621590908345e-22,1.8145413780337843e-21,15.985177278518677,2.3415039646132523,-6.62574028968811,1.3131962961389234,-2.7278782725334167,1.2405061991466217,-3.897861987352371,0.5848519325474847
5,clean,11,8,2.994768261909485,0.20941103622218674,0.0003343653877198789,0.0008797618430142485,15.985177278518677,2.3415039646132523,-6.62574028968811,1.3131962961389234,-2.7278782725334167,1.2405061991466217,-3.897861987352371,0.5848519325474847
5,clean,12,8,2.8729392886161804,0.18328648504390693,6.797372342327561e-27,1.7983595957729767e-26,15.985177278518677,2.3415039646132523,-6.62574028968811,1.3131962961389234,-2.7278782725334167,1.2405061991466217,-3.897861987352371,0.5848519325474847
5,clean,13,8,3.161179304122925,0.22010446584849594,2.970311062159614e-28,5.457458865105702e-28,15.985177278518677,2.3415039646132523,-6.62574028968811,1.3131962961389234,-2.7278782725334167,1.2405061991466217,-3.897861987352371,0.5848519325474847
5,clean,14,8,3.221443295478821,0.2837269408431198,1.7924539934851052e-32,2.5838621408693894e-32,15.985177278518677,2.3415039646132523,-6.62574028968811,1.3131962961389234,-2.7278782725334167,1.2405061991466217,-3.897861987352371,0.5848519325474847
5,clean,15,8,3.897407501935959,0.37145020049352795,2.653144583914822e-28,7.019508764754238e-28,15.985177278518677,2.3415039646132523,-6.62574028968811,1.3131962961389234,-2.7278782725334167,1.2405061991466217,-3.897861987352371,0.5848519325474847
5,clean,16,8,4.238035351037979,0.4076429698023306,5.210197492871931e-31,1.3106341984555818e-30,15.985177278518677,2.3415039646132523,-6.62574028968811,1.3131962961389234,-2.7278782725334167,1.2405061991466217,-3.897861987352371,0.5848519325474847
5,clean,17,8,4.7222301959991455,0.4377894880866886,7.242678245339419e-12,1.9162325463225753e-11,15.985177278518677,2.3415039646132523,-6.62574028968811,1.3131962961389234,-2.7278782725334167,1.2405061991466217,-3.897861987352371,0.5848519325474847
5,clean,18,8,4.470852792263031,0.4176702430591172,6.2740858945363385e-25,1.6599670980980835e-24,15.985177278518677,2.3415039646132523,-6.62574028968811,1.3131962961389234,-2.7278782725334167,1.2405061991466217,-3.897861987352371,0.5848519325474847
5,clean,19,8,5.015259623527527,0.49974435453551713,4.00405493323174e-07,1.0593687299407164e-06,15.985177278518677,2.3415039646132523,-6.62574028968811,1.3131962961389234,-2.7278782725334167,1.2405061991466217,-3.897861987352371,0.5848519325474847
5,clean,20,8,5.269141972064972,0.5763977874377513,8.488257299187871e-05,0.0001866472851029205,15.985177278518677,2.3415039646132523,-6.62574028968811,1.3131962961389234,-2.7278782725334167,1.2405061991466217,-3.897861987352371,0.5848519325474847
5,clean,21,8,5.6322683691978455,0.5264720719390208,0.24936838885581797,0.4319182840730039,15.985177278518677,2.3415039646132523,-6.62574028968811,1.3131962961389234,-2.7278782725334167,1.2405061991466217,-3.897861987352371,0.5848519325474847
5,clean,22,8,5.906717419624329,0.5235011786578728,0.1268694111423645,0.3300377361218084,15.985177278518677,2.3415039646132523,-6.62574028968811,1.3131962961389234,-2.7278782725334167,1.2405061991466217,-3.897861987352371,0.5848519325474847
5,clean,23,8,5.852875590324402,0.452352127539748,0.020690446773091908,0.05474177651445573,15.985177278518677,2.3415039646132523,-6.62574028968811,1.3131962961389234,-2.7278782725334167,1.2405061991466217,-3.897861987352371,0.5848519325474847
5,clean,24,8,6.680876135826111,0.5626702200545424,0.4251862063538283,0.4623674799296565,15.985177278518677,2.3415039646132523,-6.62574028968811,1.3131962961389234,-2.7278782725334167,1.2405061991466217,-3.897861987352371,0.5848519325474847
5,clean,25,8,6.960935711860657,0.5735931426942322,0.37546338061215556,0.4787368917966023,15.985177278518677,2.3415039646132523,-6.62574028968811,1.3131962961389234,-2.7278782725334167,1.2405061991466217,-3.897861987352371,0.5848519325474847
5,clean,26,8,6.802764356136322,0.5635090371873283,0.5493305400025968,0.4466143171834069,15.985177278518677,2.3415039646132523,-6.62574028968811,1.3131962961389234,-2.7278782725334167,1.2405061991466217,-3.897861987352371,0.5848519325474847
5,clean,27,8,7.347860872745514,0.6891171773017668,0.21994812266286845,0.3766500648180119,15.985177278518677,2.3415039646132523,-6.62574028968811,1.3131962961389234,-2.7278782725334167,1.2405061991466217,-3.897861987352371,0.5848519325474847
5,clean,28,8,14.866747617721558,1.6321586133040504,0.5009789292866635,0.4990266243073902,15.985177278518677,2.3415039646132523,-6.62574028968811,1.3131962961389234,-2.7278782725334167,1.2405061991466217,-3.897861987352371,0.5848519325474847
5,refusal,0,8,0.63331039249897,0.19567236005131664,5.128375503815619e-06,1.3059309423770375e-05,0.0,0.0,-12.138500809669495,1.8888415981794637,-18.293184280395508,1.6167757707688848,6.154683470726013,3.265817547558887
5,refusal,1,8,1.1419532373547554,0.22173161843425915,0.9949610158801079,0.011124390086473666,0.0,0.0,-12.138500809669495,1.8888415981794637,-18.293184280395508,1.6167757707688848,6.154683470726013,3.265817547558887
5,refusal,2,8,1.7436274737119675,0.18026502689736285,0.13079815916717064,0.3288780788625205,0.0,0.0,-12.138500809669495,1.8888415981794637,-18.293184280395508,1.6167757707688848,6.154683470726013,3.265817547558887
5,refusal,3,8,2.369474083185196,0.41090077223236654,0.7259313554413303,0.4232371321965008,0.0,0.0,-12.138500809669495,1.8888415981794637,-18.293184280395508,1.6167757707688848,6.154683470726013,3.265817547558887
5,refusal,4,8,2.9999356865882874,0.6537458623726808,4.134838116555573e-07,8.893837743358668e-07,0.0,0.0,-12.138500809669495,1.8888415981794637,-18.293184280395508,1.6167757707688848,6.154683470726013,3.265817547558887
5,refusal,5,8,3.5883190035820007,0.8233900501001724,2.160879755239199e-22,3.519196870424184e-22,0.0,0.0,-12.138500809669495,1.8888415981794637,-18.293184280395508,1.6167757707688848,6.154683470726013,3.265817547558887
5,refusal,6,8,4.234943151473999,1.0271068211411252,3.3326095924508176e-10,7.690931582325298e-10,0.0,0.0,-12.138500809669495,1.8888415981794637,-18.293184280395508,1.6167757707688848,6.154683470726013,3.265817547558887
5,refusal,7,8,4.656534045934677,1.2476171547899686,0.37546611251309514,0.48376229352349115,0.0,0.0,-12.138500809669495,1.8888415981794637,-18.293184280395508,1.6167757707688848,6.154683470726013,3.265817547558887
5,refusal,8,8,5.327959477901459,1.515108548171836,0.5000000094583317,0.49999999054166894,0.0,0.0,-12.138500809669495,1.8888415981794637,-18.293184280395508,1.6167757707688848,6.154683470726013,3.265817547558887
5,refusal,9,8,5.616965413093567,1.5109536277730813,0.75,0.4330127018922193,0.0,0.0,-12.138500809669495,1.8888415981794637,-18.293184280395508,1.6167757707688848,6.154683470726013,3.265817547558887
5,refusal,10,8,5.793434143066406,1.420967199982855,0.2754531676564227,0.42328718545788235,0.0,0.0,-12.138500809669495,1.8888415981794637,-18.293184280395508,1.6167757707688848,6.154683470726013,3.265817547558887
5,refusal,11,8,5.943545252084732,1.1602494998481698,0.22657003760204575,0.39507187219678735,0.0,0.0,-12.138500809669495,1.8888415981794637,-18.293184280395508,1.6167757707688848,6.154683470726013,3.265817547558887
5,refusal,12,8,6.4946194887161255,1.1246513831875746,0.12500006762546434,0.33071888832309826,0.0,0.0,-12.138500809669495,1.8888415981794637,-18.293184280395508,1.6167757707688848,6.154683470726013,3.265817547558887
5,refusal,13,8,6.96129834651947,1.240106419321583,0.24722839146852493,0.42824801213753416,0.0,0.0,-12.138500809669495,1.8888415981794637,-18.293184280395508,1.6167757707688848,6.154683470726013,3.265817547558887
5,refusal,14,8,7.814312398433685,1.3586911220645979,0.2755542848535697,0.42342001021833586,0.0,0.0,-12.138500809669495,1.8888415981794637,-18.293184280395508,1.6167757707688848,6.154683470726013,3.265817547558887
5,refusal,15,8,8.720116555690765,1.3130860975095835,0.24999170005321614,0.43299832628088275,0.0,0.0,-12.138500809669495,1.8888415981794637,-18.293184280395508,1.6167757707688848,6.154683470726013,3.265817547558887
5,refusal,16,8,10.07688295841217,1.9706375817913833,3.9332122578925915e-37,9.719102450179404e-37,0.0,0.0,-12.138500809669495,1.8888415981794637,-18.293184280395508,1.6167757707688848,6.154683470726013,3.265817547558887
5,refusal,17,8,11.578127801418304,2.7506823617316076,6.639805635606094e-08,1.7563150429173786e-07,0.0,0.0,-12.138500809669495,1.8888415981794637,-18.293184280395508,1.6167757707688848,6.154683470726013,3.265817547558887
5,refusal,18,8,12.470850110054016,3.052071702427775,1.4658091754359663e-15,3.876240816970156e-15,0.0,0.0,-12.138500809669495,1.8888415981794637,-18.293184280395508,1.6167757707688848,6.154683470726013,3.265817547558887
5,refusal,19,8,13.145962357521057,3.1927752444049182,1.2011452185098828e-15,3.1725123900560647e-15,0.0,0.0,-12.138500809669495,1.8888415981794637,-18.293184280395508,1.6167757707688848,6.154683470726013,3.265817547558887
5,refusal,20,8,14.731892108917236,3.983674342394871,6.310115769096e-31,1.6694279015751566e-30,0.0,0.0,-12.138500809669495,1.8888415981794637,-18.293184280395508,1.6167757707688848,6.154683470726013,3.265817547558887
5,refusal,21,8,15.999516487121582,4.709577302350029,5.404625747031773e-23,1.4299295006665958e-22,0.0,0.0,-12.138500809669495,1.8888415981794637,-18.293184280395508,1.6167757707688848,6.154683470726013,3.265817547558887
5,refusal,22,8,16.94142174720764,4.883793322206832,5.112696957529723e-19,1.3523970151601087e-18,0.0,0.0,-12.138500809669495,1.8888415981794637,-18.293184280395508,1.6167757707688848,6.154683470726013,3.265817547558887
5,refusal,23,8,17.91232717037201,5.487805224450046,0.0,0.0,0.0,0.0,-12.138500809669495,1.8888415981794637,-18.293184280395508,1.6167757707688848,6.154683470726013,3.265817547558887
5,refusal,24,8,19.404523372650146,6.210114240237825,1.5640457975809672e-21,4.119264421562719e-21,0.0,0.0,-12.138500809669495,1.8888415981794637,-18.293184280395508,1.6167757707688848,6.154683470726013,3.265817547558887
5,refusal,25,8,20.52163815498352,6.496842518247953,0.0,0.0,0.0,0.0,-12.138500809669495,1.8888415981794637,-18.293184280395508,1.6167757707688848,6.154683470726013,3.265817547558887
5,refusal,26,8,22.460758924484253,6.957038177390657,0.0,0.0,0.0,0.0,-12.138500809669495,1.8888415981794637,-18.293184280395508,1.6167757707688848,6.154683470726013,3.265817547558887
5,refusal,27,8,24.0678813457489,6.798781885556747,0.0,0.0,0.0,0.0,-12.138500809669495,1.8888415981794637,-18.293184280395508,1.6167757707688848,6.154683470726013,3.265817547558887
5,refusal,28,8,58.551337242126465,19.79284603899672,0.0,0.0,0.0,0.0,-12.138500809669495,1.8888415981794637,-18.293184280395508,1.6167757707688848,6.154683470726013,3.265817547558887
5,static,0,8,-3.026798367500305e-09,0.10928490318285254,0.00017240788190958645,0.0002903593262118939,16.70899587869644,5.958609286886398,-9.993758857250214,3.657358336167399,-11.631851524114609,3.8220373889863195,1.6380926668643951,1.0418601080577703
5,static,1,8,3.259629011154175e-09,0.1994657173831445,0.7285186707530278,0.4242259161750878,16.70899587869644,5.958609286886398,-9.993758857250214,3.657358336167399,-11.631851524114609,3.8220373889863195,1.6380926668643951,1.0418601080577703
5,static,2,8,3.725290298461914e-09,0.18821900538690958,5.7626180103905385e-06,1.3398469220466146e-05,16.70899587869644,5.958609286886398,-9.993758857250214,3.657358336167399,-11.631851524114609,3.8220373889863195,1.6380926668643951,1.0418601080577703
5,static,3,8,-2.7939677238464355e-09,0.2765866219977497,0.3724470167173247,0.48086312685028615,16.70899587869644,5.958609286886398,-9.993758857250214,3.657358336167399,-11.631851524114609,3.8220373889863195,1.6380926668643951,1.0418601080577703
5,static,4,8,4.6566128730773926e-09,0.3141669483119484,0.10309069603683423,0.2727523441979592,16.70899587869644,5.958609286886398,-9.993758857250214,3.657358336167399,-11.631851524114609,3.8220373889863195,1.6380926668643951,1.0418601080577703
5,static,5,8,-6.984919309616089e-09,0.32057251307841433,0.0,0.0,16.70899587869644,5.958609286886398,-9.993758857250214,3.657358336167399,-11.631851524114609,3.8220373889863195,1.6380926668643951,1.0418601080577703
5,static,6,8,7.450580596923828e-09,0.33349698435418973,1.5491627731123498e-27,4.098699437903604e-27,16.70899587869644,5.958609286886398,-9.993758857250214,3.657358336167399,-11.631851524114609,3.8220373889863195,1.6380926668643951,1.0418601080577703
5,static,7,8,5.587935447692871e-09,0.35934613952604944,4.868339700466755e-35,1.2880416145217713e-34,16.70899587869644,5.958609286886398,-9.993758857250214,3.657358336167399,-11.631851524114609,3.8220373889863195,1.6380926668643951,1.0418601080577703
5,static,8,8,-5.587935447692871e-09,0.5530333751237662,2.803283806563266e-23,7.416791806500897e-23,16.70899587869644,5.958609286886398,-9.993758857250214,3.657358336167399,-11.631851524114609,3.8220373889863195,1.6380926668643951,1.0418601080577703
5,static,9,8,-1.6763806343078613e-08,0.4911793652403162,0.0,0.0,16.70899587869644,5.958609286886398,-9.993758857250214,3.657358336167399,-11.631851524114609,3.8220373889863195,1.6380926668643951,1.0418601080577703
5,static,10,8,5.587935447692871e-09,0.571016103213881,0.0,0.0,16.70899587869644,5.958609286886398,-9.993758857250214,3.657358336167399,-11.631851524114609,3.8220373889863195,1.6380926668643951,1.0418601080577703
5,static,11,8,1.6298145055770874e-08,0.5565082458705111,0.0,0.0,16.70899587869644,5.958609286886398,-9.993758857250214,3.657358336167399,-11.631851524114609,3.8220373889863195,1.6380926668643951,1.0418601080577703
5,static,12,8,1.862645149230957e-09,0.5405376619945212,0.0,0.0,16.70899587869644,5.958609286886398,-9.993758857250214,3.657358336167399,-11.631851524114609,3.8220373889863195,1.6380926668643951,1.0418601080577703
5,static,13,8,-3.725290298461914e-09,0.4654017990171674,0.0,0.0,16.70899587869644,5.958609286886398,-9.993758857250214,3.657358336167399,-11.631851524114609,3.8220373889863195,1.6380926668643951,1.0418601080577703
5,static,14,8,5.587935447692871e-09,0.44279297181768823,0.0,0.0,16.70899587869644,5.958609286886398,-9.993758857250214,3.657358336167399,-11.631851524114609,3.8220373889863195,1.6380926668643951,1.0418601080577703
5,static,15,8,-3.3527612686157227e-08,0.6355245061162191,0.0,0.0,16.70899587869644,5.958609286886398,-9.993758857250214,3.657358336167399,-11.631851524114609,3.8220373889863195,1.6380926668643951,1.0418601080577703
5,static,16,8,-7.450580596923828e-09,0.6289132247889537,0.0,0.0,16.70899587869644,5.958609286886398,-9.993758857250214,3.657358336167399,-11.631851524114609,3.8220373889863195,1.6380926668643951,1.0418601080577703
5,static,17,8,2.0489096641540527e-08,0.815396217146239,0.0,0.0,16.70899587869644,5.958609286886398,-9.993758857250214,3.657358336167399,-11.631851524114609,3.8220373889863195,1.6380926668643951,1.0418601080577703
5,static,18,8,5.587935447692871e-09,0.7503325555822683,0.0,0.0,16.70899587869644,5.958609286886398,-9.993758857250214,3.657358336167399,-11.631851524114609,3.8220373889863195,1.6380926668643951,1.0418601080577703
5,static,19,8,-7.450580596923828e-09,0.6962537168842698,0.0,0.0,16.70899587869644,5.958609286886398,-9.993758857250214,3.657358336167399,-11.631851524114609,3.8220373889863195,1.6380926668643951,1.0418601080577703
5,static,20,8,1.4901161193847656e-08,0.7323550900033525,6.764864194490691e-31,1.789814831174765e-30,16.70899587869644,5.958609286886398,-9.993758857250214,3.657358336167399,-11.631851524114609,3.8220373889863195,1.6380926668643951,1.0418601080577703
5,static,21,8,-5.960464477539063e-08,0.8907883324413073,1.987482160622492e-18,5.2583835321844426e-18,16.70899587869644,5.958609286886398,-9.993758857250214,3.657358336167399,-11.631851524114609,3.8220373889863195,1.6380926668643951,1.0418601080577703
5,static,22,8,-6.705522537231445e-08,0.800438991237644,3.2025026448684635e-22,8.473025571348556e-22,16.70899587869644,5.958609286886398,-9.993758857250214,3.657358336167399,-11.631851524114609,3.8220373889863195,1.6380926668643951,1.0418601080577703
5,static,23,8,7.450580596923828e-09,0.9526987804684476,1.5570473438379913e-21,4.119560051349004e-21,16.70899587869644,5.958609286886398,-9.993758857250214,3.657358336167399,-11.631851524114609,3.8220373889863195,1.6380926668643951,1.0418601080577703
5,static,24,8,1.6763806343078613e-08,1.124461025821415,0.1109478622674942,0.2935404520540364,16.70899587869644,5.958609286886398,-9.993758857250214,3.657358336167399,-11.631851524114609,3.8220373889863195,1.6380926668643951,1.0418601080577703
5,static,25,8,-1.4901161193847656e-08,1.210474378424972,0.12498345971107483,0.33067515239196466,16.70899587869644,5.958609286886398,-9.993758857250214,3.657358336167399,-11.631851524114609,3.8220373889863195,1.6380926668643951,1.0418601080577703
5,static,26,8,2.60770320892334e-08,1.215962724514236,0.125,0.33071891388307384,16.70899587869644,5.958609286886398,-9.993758857250214,3.657358336167399,-11.631851524114609,3.8220373889863195,1.6380926668643951,1.0418601080577703
5,static,27,8,3.725290298461914e-09,1.4913208830194218,0.11284243315458298,0.29855301546245633,16.70899587869644,5.958609286886398,-9.993758857250214,3.657358336167399,-11.631851524114609,3.8220373889863195,1.6380926668643951,1.0418601080577703
5,static,28,8,5.21540641784668e-08,3.175057409415323,0.125,0.33071891388307384,16.70899587869644,5.958609286886398,-9.993758857250214,3.657358336167399,-11.631851524114609,3.8220373889863195,1.6380926668643951,1.0418601080577703
10,adaptive,0,8,0.17830458842217922,0.10080124904489071,9.392002967361247e-05,0.00014986916755135458,18.174195289611816,4.1626773393952465,-10.418684363365173,2.350840533252918,-11.962437510490417,2.753904439800945,1.5437531471252441,1.3293746093690115
10,adaptive,1,8,0.3403976783156395,0.08840563136016104,0.7434957456879374,0.42956531903687833,18.174195289611816,4.1626773393952465,-10.418684363365173,2.350840533252918,-11.962437510490417,2.753904439800945,1.5437531471252441,1.3293746093690115
10,adaptive,2,8,0.48353729024529457,0.1269976089834707,0.12499198186662706,0.3306976587963033,18.174195289611816,4.1626773393952465,-10.418684363365173,2.350840533252918,-11.962437510490417,2.753904439800945,1.5437531471252441,1.3293746093690115
10,adaptive,3,8,0.6346315369009972,0.14662514575511473,0.5781854939988023,0.46169774710209993,18.174195289611816,4.1626773393952465,-10.418684363365173,2.350840533252918,-11.962437510490417,2.753904439800945,1.5437531471252441,1.3293746093690115
10,adaptive,4,8,0.7242755182087421,0.21863868708564302,1.0892607195697788e-14,1.2880708489102232e-14,18.174195289611816,4.1626773393952465,-10.418684363365173,2.350840533252918,-11.962437510490417,2.753904439800945,1.5437531471252441,1.3293746093690115
10,adaptive,5,8,0.8634117878973484,0.24634329495600407,0.0,0.0,18.174195289611816,4.1626773393952465,-10.418684363365173,2.350840533252918,-11.962437510490417,2.753904439800945,1.5437531471252441,1.3293746093690115
10,adaptive,6,8,0.9799425676465034,0.33789774448352183,2.344525787933402e-28,6.2030226364161875e-28,18.174195289611816,4.1626773393952465,-10.418684363365173,2.350840533252918,-11.962437510490417,2.753904439800945,1.5437531471252441,1.3293746093690115
10,adaptive,7,8,0.9414938166737556,0.3806150106650085,9.998919110664895e-36,1.7588489545669496e-35,18.174195289611816,4.1626773393952465,-10.418684363365173,2.350840533252918,-11.962437510490417,2.753904439800945,1.5437531471252441,1.3293746093690115
10,adaptive,8,8,0.9647907689213753,0.5118584691245747,2.825135319289449e-25,7.4660188931091e-25,18.174195289611816,4.1626773393952465,-10.418684363365173,2.350840533252918,-11.962437510490417,2.753904439800945,1.5437531471252441,1.3293746093690115
10,adaptive,9,8,0.9105143789201975,0.4801082140066828,1.9753289253372967e-33,5.226204305383133e-33,18.174195289611816,4.1626773393952465,-10.418684363365173,2.350840533252918,-11.962437510490417,2.753904439800945,1.5437531471252441,1.3293746093690115
10,adaptive,10,8,0.8891704231500626,0.5155342963358795,9.804084215733109e-36,2.593916866756353e-35,18.174195289611816,4.1626773393952465,-10.418684363365173,2.350840533252918,-11.962437510490417,2.753904439800945,1.5437531471252441,1.3293746093690115
10,adaptive,11,8,1.0149135859683156,0.5446090424467632,3.338351646836685e-32,8.832448246412795e-32,18.174195289611816,4.1626773393952465,-10.418684363365173,2.350840533252918,-11.962437510490417,2.753904439800945,1.5437531471252441,1.3293746093690115
10,adaptive,12,8,1.0729792024940252,0.6085781334610939,2.416280615654219e-28,6.392877606767106e-28,18.174195289611816,4.1626773393952465,-10.418684363365173,2.350840533252918,-11.962437510490417,2.753904439800945,1.5437531471252441,1.3293746093690115
10,adaptive,13,8,1.140391692519188,0.6698735182942541,2.46267622499084e-37,6.515628850997112e-37,18.174195289611816,4.1626773393952465,-10.418684363365173,2.350840533252918,-11.962437510490417,2.753904439800945,1.5437531471252441,1.3293746093690115
10,adaptive,14,8,1.3577927881851792,0.717437146927965,0.0,0.0,18.174195289611816,4.1626773393952465,-10.418684363365173,2.350840533252918,-11.962437510490417,2.753904439800945,1.5437531471252441,1.3293746093690115
10,adaptive,15,8,1.2432064861059189,0.9145527581894445,0.0,0.0,18.174195289611816,4.1626773393952465,-10.418684363365173,2.350840533252918,-11.962437510490417,2.753904439800945,1.5437531471252441,1.3293746093690115
10,adaptive,16,8,1.527175486087799,1.0815758936401605,0.0,0.0,18.174195289611816,4.1626773393952465,-10.418684363365173,2.350840533252918,-11.962437510490417,2.753904439800945,1.5437531471252441,1.3293746093690115
10,adaptive,17,8,1.6424651443958282,1.1489280958806678,0.0,0.0,18.174195289611816,4.1626773393952465,-10.418684363365173,2.350840533252918,-11.962437510490417,2.753904439800945,1.5437531471252441,1.3293746093690115
10,adaptive,18,8,1.9017091318964958,1.3119762175090617,0.0,0.0,18.174195289611816,4.1626773393952465,-10.418684363365173,2.350840533252918,-11.962437510490417,2.753904439800945,1.5437531471252441,1.3293746093690115
10,adaptive,19,8,2.084381617605686,1.4098451478885934,0.0,0.0,18.174195289611816,4.1626773393952465,-10.418684363365173,2.350840533252918,-11.962437510490417,2.753904439800945,1.5437531471252441,1.3293746093690115
10,adaptive,20,8,2.4398432821035385,1.840122282803859,0.0,0.0,18.174195289611816,4.1626773393952465,-10.418684363365173,2.350840533252918,-11.962437510490417,2.753904439800945,1.5437531471252441,1.3293746093690115
10,adaptive,21,8,2.6131420731544495,1.9888153327995555,0.0,0.0,18.174195289611816,4.1626773393952465,-10.418684363365173,2.350840533252918,-11.962437510490417,2.753904439800945,1.5437531471252441,1.3293746093690115
10,adaptive,22,8,2.9060599952936172,2.234082177780015,0.0,0.0,18.174195289611816,4.1626773393952465,-10.418684363365173,2.350840533252918,-11.962437510490417,2.753904439800945,1.5437531471252441,1.3293746093690115
10,adaptive,23,8,3.193539172410965,2.457133688736866,0.0,0.0,18.174195289611816,4.1626773393952465,-10.418684363365173,2.350840533252918,-11.962437510490417,2.753904439800945,1.5437531471252441,1.3293746093690115
10,adaptive,24,8,3.670931503176689,2.6066094306456997,0.0,0.0,18.174195289611816,4.1626773393952465,-10.418684363365173,2.350840533252918,-11.962437510490417,2.753904439800945,1.5437531471252441,1.3293746093690115
10,adaptive,25,8,4.051560580730438,2.6801381890944422,0.0,0.0,18.174195289611816,4.1626773393952465,-10.418684363365173,2.350840533252918,-11.962437510490417,2.753904439800945,1.5437531471252441,1.3293746093690115
10,adaptive,26,8,4.349144071340561,2.919389475779223,0.0,0.0,18.174195289611816,4.1626773393952465,-10.418684363365173,2.350840533252918,-11.962437510490417,2.753904439800945,1.5437531471252441,1.3293746093690115
10,adaptive,27,8,4.4827238619327545,2.9663379208839054,0.0,0.0,18.174195289611816,4.1626773393952465,-10.418684363365173,2.350840533252918,-11.962437510490417,2.753904439800945,1.5437531471252441,1.3293746093690115
10,adaptive,28,8,7.927274644374847,5.250883841666771,0.0,0.0,18.174195289611816,4.1626773393952465,-10.418684363365173,2.350840533252918,-11.962437510490417,2.753904439800945,1.5437531471252441,1.3293746093690115
10,clean,0,8,0.18283569812774658,0.0,8.267009252449498e-05,0.0,14.35561728477478,3.536548352622978,-6.62574028968811,1.3131962961389234,-2.7278782725334167,1.2405061991466217,-3.897861987352371,0.5848519325474847
10,clean,1,8,0.42501116171479225,0.007504571558161209,1.0,0.0,14.35561728477478,3.536548352622978,-6.62574028968811,1.3131962961389234,-2.7278782725334167,1.2405061991466217,-3.897861987352371,0.5848519325474847
10,clean,2,8,0.5849901214241982,0.017361815365658013,3.2661868832317045e-16,4.800730688379986e-16,14.35561728477478,3.536548352622978,-6.62574028968811,1.3131962961389234,-2.7278782725334167,1.2405061991466217,-3.897861987352371,0.5848519325474847
10,clean,3,8,0.7403950616717339,0.018645205033033935,0.985226534307003,0.032668949031999864,14.35561728477478,3.536548352622978,-6.62574028968811,1.3131962961389234,-2.7278782725334167,1.2405061991466217,-3.897861987352371,0.5848519325474847
10,clean,4,8,0.9382342845201492,0.03975195106258836,0.9183543734252453,0.2129960666040431,14.35561728477478,3.536548352622978,-6.62574028968811,1.3131962961389234,-2.7278782725334167,1.2405061991466217,-3.897861987352371,0.5848519325474847
10,clean,5,8,1.2707742601633072,0.03237860896292851,1.8427150118340566e-29,3.484608169755898e-29,14.35561728477478,3.536548352622978,-6.62574028968811,1.3131962961389234,-2.7278782725334167,1.2405061991466217,-3.897861987352371,0.5848519325474847
10,clean,6,8,1.526390165090561,0.0645755693452288,1.248859278916064e-22,3.302767712836505e-22,14.35561728477478,3.536548352622978,-6.62574028968811,1.3131962961389234,-2.7278782725334167,1.2405061991466217,-3.897861987352371,0.5848519325474847
10,clean,7,8,1.8486435115337372,0.11793848559665294,4.6911995701801276e-23,1.2408928309065905e-22,14.35561728477478,3.536548352622978,-6.62574028968811,1.3131962961389234,-2.7278782725334167,1.2405061991466217,-3.897861987352371,0.5848519325474847
10,clean,8,8,1.9278419613838196,0.17184933559936574,1.2617700341966997e-28,3.3301166715136316e-28,14.35561728477478,3.536548352622978,-6.62574028968811,1.3131962961389234,-2.7278782725334167,1.2405061991466217,-3.897861987352371,0.5848519325474847
10,clean,9,8,2.5928355753421783,0.2826174246709746,0.12452624758977619,0.3293639582621966,14.35561728477478,3.536548352622978,-6.62574028968811,1.3131962961389234,-2.7278782725334167,1.2405061991466217,-3.897861987352371,0.5848519325474847
10,clean,10,8,2.781210780143738,0.25886934281208424,6.858621590908345e-22,1.8145413780337843e-21,14.35561728477478,3.536548352622978,-6.62574028968811,1.3131962961389234,-2.7278782725334167,1.2405061991466217,-3.897861987352371,0.5848519325474847
10,clean,11,8,2.4893262088298798,0.2155488458115559,0.0003343653877198789,0.0008797618430142485,14.35561728477478,3.536548352622978,-6.62574028968811,1.3131962961389234,-2.7278782725334167,1.2405061991466217,-3.897861987352371,0.5848519325474847
10,clean,12,8,2.6068031191825867,0.23024336670621384,6.797372342327561e-27,1.7983595957729767e-26,14.35561728477478,3.536548352622978,-6.62574028968811,1.3131962961389234,-2.7278782725334167,1.2405061991466217,-3.897861987352371,0.5848519325474847
10,clean,13,8,2.9040122628211975,0.2510819329421341,2.970311062159614e-28,5.457458865105702e-28,14.35561728477478,3.536548352622978,-6.62574028968811,1.3131962961389234,-2.7278782725334167,1.2405061991466217,-3.897861987352371,0.5848519325474847
10,clean,14,8,3.18186753988266,0.3026983240696435,1.7924539934851052e-32,2.5838621408693894e-32,14.35561728477478,3.536548352622978,-6.62574028968811,1.3131962961389234,-2.7278782725334167,1.2405061991466217,-3.897861987352371,0.5848519325474847
10,clean,15,8,3.535542845726013,0.22357658081998158,2.653144583914822e-28,7.019508764754238e-28,14.35561728477478,3.536548352622978,-6.62574028968811,1.3131962961389234,-2.7278782725334167,1.2405061991466217,-3.897861987352371,0.5848519325474847
10,clean,16,8,4.059878498315811,0.2455468431142812,5.210197492871931e-31,1.3106341984555818e-30,14.35561728477478,3.536548352622978,-6.62574028968811,1.3131962961389234,-2.7278782725334167,1.2405061991466217,-3.897861987352371,0.5848519325474847
10,clean,17,8,4.371316015720367,0.2507228417481243,7.242678245339419e-12,1.9162325463225753e-11,14.35561728477478,3.536548352622978,-6.62574028968811,1.3131962961389234,-2.7278782725334167,1.2405061991466217,-3.897861987352371,0.5848519325474847
10,clean,18,8,4.289221346378326,0.23149771193876356,6.2740858945363385e-25,1.6599670980980835e-24,14.35561728477478,3.536548352622978,-6.62574028968811,1.3131962961389234,-2.7278782725334167,1.2405061991466217,-3.897861987352371,0.5848519325474847
10,clean,19,8,4.556253433227539,0.22632454445838363,4.00405493323174e-07,1.0593687299407164e-06,14.35561728477478,3.536548352622978,-6.62574028968811,1.3131962961389234,-2.7278782725334167,1.2405061991466217,-3.897861987352371,0.5848519325474847
10,clean,20,8,5.271750211715698,0.27664543455301377,8.488257299187871e-05,0.0001866472851029205,14.35561728477478,3.536548352622978,-6.62574028968811,1.3131962961389234,-2.7278782725334167,1.2405061991466217,-3.897861987352371,0.5848519325474847
10,clean,21,8,5.616520166397095,0.318473866778177,0.24936838885581797,0.4319182840730039,14.35561728477478,3.536548352622978,-6.62574028968811,1.3131962961389234,-2.7278782725334167,1.2405061991466217,-3.897861987352371,0.5848519325474847
10,clean,22,8,5.8931645154953,0.3533429151473305,0.1268694111423645,0.3300377361218084,14.35561728477478,3.536548352622978,-6.62574028968811,1.3131962961389234,-2.7278782725334167,1.2405061991466217,-3.897861987352371,0.5848519325474847
10,clean,23,8,6.388010859489441,0.4456263209491287,0.020690446773091908,0.05474177651445573,14.35561728477478,3.536548352622978,-6.62574028968811,1.3131962961389234,-2.7278782725334167,1.2405061991466217,-3.897861987352371,0.5848519325474847
10,clean,24,8,7.128534257411957,0.4710225932883106,0.4251862063538283,0.4623674799296565,14.35561728477478,3.536548352622978,-6.62574028968811,1.3131962961389234,-2.7278782725334167,1.2405061991466217,-3.897861987352371,0.5848519325474847
10,clean,25,8,7.831650972366333,0.4865757677929934,0.37546338061215556,0.4787368917966023,14.35561728477478,3.536548352622978,-6.62574028968811,1.3131962961389234,-2.7278782725334167,1.2405061991466217,-3.897861987352371,0.5848519325474847
10,clean,26,8,8.177366733551025,0.7291733373414365,0.5493305400025968,0.4466143171834069,14.35561728477478,3.536548352622978,-6.62574028968811,1.3131962961389234,-2.7278782725334167,1.2405061991466217,-3.897861987352371,0.5848519325474847
10,clean,27,8,9.494768977165222,0.9071083539000561,0.21994812266286845,0.3766500648180119,14.35561728477478,3.536548352622978,-6.62574028968811,1.3131962961389234,-2.7278782725334167,1.2405061991466217,-3.897861987352371,0.5848519325474847
10,clean,28,8,25.268895149230957,2.3090873934297016,0.5009789292866635,0.4990266243073902,14.35561728477478,3.536548352622978,-6.62574028968811,1.3131962961389234,-2.7278782725334167,1.2405061991466217,-3.897861987352371,0.5848519325474847
10,refusal,0,8,0.499057050794363,0.13929710295582873,0.002612476411553155,0.006390274500897637,0.0,0.0,-13.73660159111023,4.046109937652982,-16.011791467666626,2.7676874968621,2.2751898765563965,4.820395164224471
10,refusal,1,8,0.9322801940143108,0.2889483536021689,0.7646565363603892,0.4086708575919359,0.0,0.0,-13.73660159111023,4.046109937652982,-16.011791467666626,2.7676874968621,2.2751898765563965,4.820395164224471
10,refusal,2,8,1.4450824707746506,0.494438000944638,0.2489344409186265,0.4310077385269988,0.0,0.0,-13.73660159111023,4.046109937652982,-16.011791467666626,2.7676874968621,2.2751898765563965,4.820395164224471
10,refusal,3,8,1.9215618073940277,0.6031772509252926,0.6244328618054193,0.483685689058083,0.0,0.0,-13.73660159111023,4.046109937652982,-16.011791467666626,2.7676874968621,2.2751898765563965,4.820395164224471
10,refusal,4,8,2.3231161534786224,0.7471282928624324,0.3751442456714403,0.4840086790307361,0.0,0.0,-13.73660159111023,4.046109937652982,-16.011791467666626,2.7676874968621,2.2751898765563965,4.820395164224471
10,refusal,5,8,2.859015643596649,0.6141547503920874,3.841257318093828e-24,1.0162760786572278e-23,0.0,0.0,-13.73660159111023,4.046109937652982,-16.011791467666626,2.7676874968621,2.2751898765563965,4.820395164224471
10,refusal,6,8,3.248360812664032,0.4445464028010512,0.12151578813791275,0.3215005557809297,0.0,0.0,-13.73660159111023,4.046109937652982,-16.011791467666626,2.7676874968621,2.2751898765563965,4.820395164224471
10,refusal,7,8,3.5506937503814697,0.5477072265140445,0.1141175925731659,0.30192677016598846,0.0,0.0,-13.73660159111023,4.046109937652982,-16.011791467666626,2.7676874968621,2.2751898765563965,4.820395164224471
10,refusal,8,8,4.087743639945984,0.8272792254352588,0.25,0.4330127018922193,0.0,0.0,-13.73660159111023,4.046109937652982,-16.011791467666626,2.7676874968621,2.2751898765563965,4.820395164224471
10,refusal,9,8,4.555519312620163,0.9913326092067983,0.25000246545107657,0.43301100319069147,0.0,0.0,-13.73660159111023,4.046109937652982,-16.011791467666626,2.7676874968621,2.2751898765563965,4.820395164224471
10,refusal,10,8,4.689609974622726,1.0116184011146439,1.121206057250559e-06,2.9663891595590933e-06,0.0,0.0,-13.73660159111023,4.046109937652982,-16.011791467666626,2.7676874968621,2.2751898765563965,4.820395164224471
10,refusal,11,8,4.755202412605286,1.0428449005300033,1.296695934619405e-06,3.430734947610263e-06,0.0,0.0,-13.73660159111023,4.046109937652982,-16.011791467666626,2.7676874968621,2.2751898765563965,4.820395164224471
10,refusal,12,8,5.237453490495682,1.1614620327154617,2.4824497179098595e-30,6.567931144587356e-30,0.0,0.0,-13.73660159111023,4.046109937652982,-16.011791467666626,2.7676874968621,2.2751898765563965,4.820395164224471
10,refusal,13,8,5.604016572237015,1.4217631601578653,7.610825858428427e-10,2.01363524932213e-09,0.0,0.0,-13.73660159111023,4.046109937652982,-16.011791467666626,2.7676874968621,2.2751898765563965,4.820395164224471
10,refusal,14,8,6.2737284898757935,1.4438539324541446,0.12500000118645002,0.33071891343463783,0.0,0.0,-13.73660159111023,4.046109937652982,-16.011791467666626,2.7676874968621,2.2751898765563965,4.820395164224471
10,refusal,15,8,7.026346445083618,1.574382537817012,0.125,0.33071891388307384,0.0,0.0,-13.73660159111023,4.046109937652982,-16.011791467666626,2.7676874968621,2.2751898765563965,4.820395164224471
10,refusal,16,8,8.010030031204224,1.87770134238937,0.125,0.33071891388307384,0.0,0.0,-13.73660159111023,4.046109937652982,-16.011791467666626,2.7676874968621,2.2751898765563965,4.820395164224471
10,refusal,17,8,8.84287017583847,2.4076345097482688,0.125,0.33071891388307384,0.0,0.0,-13.73660159111023,4.046109937652982,-16.011791467666626,2.7676874968621,2.2751898765563965,4.820395164224471
10,refusal,18,8,8.976622521877289,2.0091449287494796,0.12499934434890747,0.33071717919333615,0.0,0.0,-13.73660159111023,4.046109937652982,-16.011791467666626,2.7676874968621,2.2751898765563965,4.820395164224471
10,refusal,19,8,9.438888490200043,1.999940621909,0.125,0.33071891388307384,0.0,0.0,-13.73660159111023,4.046109937652982,-16.011791467666626,2.7676874968621,2.2751898765563965,4.820395164224471
10,refusal,20,8,10.996772110462189,2.4085297548703655,0.125,0.33071891388307384,0.0,0.0,-13.73660159111023,4.046109937652982,-16.011791467666626,2.7676874968621,2.2751898765563965,4.820395164224471
10,refusal,21,8,11.988809823989868,2.7496233551228575,0.125,0.33071891388307384,0.0,0.0,-13.73660159111023,4.046109937652982,-16.011791467666626,2.7676874968621,2.2751898765563965,4.820395164224471
10,refusal,22,8,12.838188171386719,3.044907772739936,0.125,0.33071891388307384,0.0,0.0,-13.73660159111023,4.046109937652982,-16.011791467666626,2.7676874968621,2.2751898765563965,4.820395164224471
10,refusal,23,8,14.078804850578308,3.7282968454374665,0.125,0.33071891388307384,0.0,0.0,-13.73660159111023,4.046109937652982,-16.011791467666626,2.7676874968621,2.2751898765563965,4.820395164224471
10,refusal,24,8,15.364006519317627,3.9613198970610113,0.125,0.33071891388307384,0.0,0.0,-13.73660159111023,4.046109937652982,-16.011791467666626,2.7676874968621,2.2751898765563965,4.820395164224471
10,refusal,25,8,16.53086519241333,4.239456587713746,0.125,0.33071891388307384,0.0,0.0,-13.73660159111023,4.046109937652982,-16.011791467666626,2.7676874968621,2.2751898765563965,4.820395164224471
10,refusal,26,8,18.081032633781433,4.566127402046193,0.125,0.33071891388307384,0.0,0.0,-13.73660159111023,4.046109937652982,-16.011791467666626,2.7676874968621,2.2751898765563965,4.820395164224471
10,refusal,27,8,20.340702295303345,4.350874289813116,0.125,0.33071891388307384,0.0,0.0,-13.73660159111023,4.046109937652982,-16.011791467666626,2.7676874968621,2.2751898765563965,4.820395164224471
10,refusal,28,8,48.796109676361084,10.722342914148067,0.12500000000000003,0.33071891388307384,0.0,0.0,-13.73660159111023,4.046109937652982,-16.011791467666626,2.7676874968621,2.2751898765563965,4.820395164224471
10,static,0,8,1.6298145055770874e-09,0.09887002509843003,0.0009701838358050772,0.0022006133473406442,17.968451142311096,4.967030295145426,-11.479295805096626,4.396932202563429,-13.334323525428772,3.8085446659104814,1.8550277352333069,1.1911407365310527
10,static,1,8,-3.958120942115784e-09,0.23841127006301915,0.6513481567571604,0.45408435953619003,17.968451142311096,4.967030295145426,-11.479295805096626,4.396932202563429,-13.334323525428772,3.8085446659104814,1.8550277352333069,1.1911407365310527
10,static,2,8,1.862645149230957e-09,0.2356245754359791,0.013406543045762,0.03547013389052825,17.968451142311096,4.967030295145426,-11.479295805096626,4.396932202563429,-13.334323525428772,3.8085446659104814,1.8550277352333069,1.1911407365310527
10,static,3,8,4.190951585769653e-09,0.23037328879896693,0.23710920157828416,0.41136615280834243,17.968451142311096,4.967030295145426,-11.479295805096626,4.396932202563429,-13.334323525428772,3.8085446659104814,1.8550277352333069,1.1911407365310527
10,static,4,8,7.916241884231567e-09,0.28732257357941793,8.272379552754145e-11,2.1141316834956466e-10,17.968451142311096,4.967030295145426,-11.479295805096626,4.396932202563429,-13.334323525428772,3.8085446659104814,1.8550277352333069,1.1911407365310527
10,static,5,8,6.05359673500061e-09,0.40020057657187913,0.0,0.0,17.968451142311096,4.967030295145426,-11.479295805096626,4.396932202563429,-13.334323525428772,3.8085446659104814,1.8550277352333069,1.1911407365310527
10,static,6,8,-4.6566128730773926e-09,0.5051562258422121,0.0,0.0,17.968451142311096,4.967030295145426,-11.479295805096626,4.396932202563429,-13.334323525428772,3.8085446659104814,1.8550277352333069,1.1911407365310527
10,static,7,8,0.0,0.5367508480216571,1.5662152851421916e-36,4.143816144074355e-36,17.968451142311096,4.967030295145426,-11.479295805096626,4.396932202563429,-13.334323525428772,3.8085446659104814,1.8550277352333069,1.1911407365310527
10,static,8,8,0.0,0.6563208031591784,1.8185746972418918e-29,4.811496389496626e-29,17.968451142311096,4.967030295145426,-11.479295805096626,4.396932202563429,-13.334323525428772,3.8085446659104814,1.8550277352333069,1.1911407365310527
10,static,9,8,5.587935447692871e-09,0.6304466382299091,5.064756760121273e-38,1.3400086838314106e-37,17.968451142311096,4.967030295145426,-11.479295805096626,4.396932202563429,-13.334323525428772,3.8085446659104814,1.8550277352333069,1.1911407365310527
10,static,10,8,-1.862645149230957e-09,0.7256406123319851,0.0,0.0,17.968451142311096,4.967030295145426,-11.479295805096626,4.396932202563429,-13.334323525428772,3.8085446659104814,1.8550277352333069,1.1911407365310527
10,static,11,8,-6.984919309616089e-09,0.6781453288855912,0.0,0.0,17.968451142311096,4.967030295145426,-11.479295805096626,4.396932202563429,-13.334323525428772,3.8085446659104814,1.8550277352333069,1.1911407365310527
10,static,12,8,-2.7939677238464355e-09,0.6606310834376506,0.0,0.0,17.968451142311096,4.967030295145426,-11.479295805096626,4.396932202563429,-13.334323525428772,3.8085446659104814,1.8550277352333069,1.1911407365310527
10,static,13,8,-2.7939677238464355e-08,0.7756318620676884,0.0,0.0,17.968451142311096,4.967030295145426,-11.479295805096626,4.396932202563429,-13.334323525428772,3.8085446659104814,1.8550277352333069,1.1911407365310527
10,static,14,8,1.5366822481155396e-08,0.770564886674227,0.0,0.0,17.968451142311096,4.967030295145426,-11.479295805096626,4.396932202563429,-13.334323525428772,3.8085446659104814,1.8550277352333069,1.1911407365310527
10,static,15,8,1.210719347000122e-08,0.9496169181501224,0.0,0.0,17.968451142311096,4.967030295145426,-11.479295805096626,4.396932202563429,-13.334323525428772,3.8085446659104814,1.8550277352333069,1.1911407365310527
10,static,16,8,1.30385160446167e-08,0.9729269706205379,0.0,0.0,17.968451142311096,4.967030295145426,-11.479295805096626,4.396932202563429,-13.334323525428772,3.8085446659104814,1.8550277352333069,1.1911407365310527
10,static,17,8,-3.725290298461914e-09,1.0554125404783001,0.0,0.0,17.968451142311096,4.967030295145426,-11.479295805096626,4.396932202563429,-13.334323525428772,3.8085446659104814,1.8550277352333069,1.1911407365310527
10,static,18,8,2.7939677238464355e-09,1.1445835860371836,0.0,0.0,17.968451142311096,4.967030295145426,-11.479295805096626,4.396932202563429,-13.334323525428772,3.8085446659104814,1.8550277352333069,1.1911407365310527
10,static,19,8,-1.862645149230957e-09,1.150372840168046,0.0,0.0,17.968451142311096,4.967030295145426,-11.479295805096626,4.396932202563429,-13.334323525428772,3.8085446659104814,1.8550277352333069,1.1911407365310527
10,static,20,8,-5.587935447692871e-08,1.465747534732781,0.0,0.0,17.968451142311096,4.967030295145426,-11.479295805096626,4.396932202563429,-13.334323525428772,3.8085446659104814,1.8550277352333069,1.1911407365310527
10,static,21,8,5.587935447692871e-08,1.5633094352124979,0.0,0.0,17.968451142311096,4.967030295145426,-11.479295805096626,4.396932202563429,-13.334323525428772,3.8085446659104814,1.8550277352333069,1.1911407365310527
10,static,22,8,1.1175870895385742e-08,1.5214306431242601,0.0,0.0,17.968451142311096,4.967030295145426,-11.479295805096626,4.396932202563429,-13.334323525428772,3.8085446659104814,1.8550277352333069,1.1911407365310527
10,static,23,8,-4.470348358154297e-08,1.8523454277156535,0.0,0.0,17.968451142311096,4.967030295145426,-11.479295805096626,4.396932202563429,-13.334323525428772,3.8085446659104814,1.8550277352333069,1.1911407365310527
10,static,24,8,5.21540641784668e-08,1.9314580165865374,0.0,0.0,17.968451142311096,4.967030295145426,-11.479295805096626,4.396932202563429,-13.334323525428772,3.8085446659104814,1.8550277352333069,1.1911407365310527
10,static,25,8,3.725290298461914e-09,1.9232113302942424,0.0,0.0,17.968451142311096,4.967030295145426,-11.479295805096626,4.396932202563429,-13.334323525428772,3.8085446659104814,1.8550277352333069,1.1911407365310527
10,static,26,8,3.3527612686157227e-08,2.0050950731796084,9.163085725649384e-37,2.4243246072034094e-36,17.968451142311096,4.967030295145426,-11.479295805096626,4.396932202563429,-13.334323525428772,3.8085446659104814,1.8550277352333069,1.1911407365310527
10,static,27,8,-2.2351741790771484e-08,1.8418661621593229,2.5383325526928934e-21,6.7157966792051514e-21,17.968451142311096,4.967030295145426,-11.479295805096626,4.396932202563429,-13.334323525428772,3.8085446659104814,1.8550277352333069,1.1911407365310527
10,static,28,8,4.470348358154297e-08,2.9008261635059966,6.005431413537282e-20,1.5888878035874743e-19,17.968451142311096,4.967030295145426,-11.479295805096626,4.396932202563429,-13.334323525428772,3.8085446659104814,1.8550277352333069,1.1911407365310527
