comparison,layer,n_train,n_eval,direction_norm,delta_norm_mean,delta_norm_std,projection_mean,projection_std,cosine_mean,cosine_std
refusal_prefix-plain,0,32,32,1.7442946434020996,1.7442946434020996,0.0,1.7442947626113892,0.0,1.0000001192092896,0.0
refusal_prefix-plain,1,32,32,2.535397529602051,2.5574588775634766,0.011861812323331833,2.54272723197937,0.013772349804639816,0.994238018989563,0.0020677002612501383
refusal_prefix-plain,2,32,32,3.4101927280426025,3.4367337226867676,0.018454276025295258,3.4098150730133057,0.021304629743099213,0.9921661615371704,0.002774441847577691
refusal_prefix-plain,3,32,32,4.972714424133301,5.0339179039001465,0.05977078527212143,4.983972549438477,0.058649372309446335,0.9900835752487183,0.0028543504886329174
refusal_prefix-plain,4,32,32,5.8087921142578125,5.938262939453125,0.07166452705860138,5.807170391082764,0.06967088580131531,0.9779430627822876,0.005973046645522118
refusal_prefix-plain,5,32,32,6.581681728363037,6.830571174621582,0.08099940419197083,6.571174144744873,0.10076472908258438,0.9620811343193054,0.013932306319475174
refusal_prefix-plain,6,32,32,6.910332202911377,7.314946174621582,0.1262214034795761,6.877778053283691,0.15468215942382812,0.9404889345169067,0.025485729798674583
refusal_prefix-plain,7,32,32,7.724091529846191,8.21714973449707,0.2132570743560791,7.63408899307251,0.17302700877189636,0.9296859502792358,0.03220498189330101
refusal_prefix-plain,8,32,32,7.9910688400268555,8.627962112426758,0.25892284512519836,7.888683319091797,0.21670754253864288,0.9151104688644409,0.03614113852381706
refusal_prefix-plain,9,32,32,8.3043212890625,9.00433349609375,0.31665828824043274,8.088510513305664,0.3121128976345062,0.8991297483444214,0.0410536527633667
refusal_prefix-plain,10,32,32,8.181641578674316,8.975879669189453,0.3056381344795227,7.914597511291504,0.3395704925060272,0.8826600313186646,0.04535325989127159
refusal_prefix-plain,11,32,32,8.658681869506836,9.486193656921387,0.2616508901119232,8.328348159790039,0.4236792325973511,0.8786977529525757,0.051446087658405304
refusal_prefix-plain,12,32,32,9.372298240661621,10.221595764160156,0.2668472230434418,9.004951477050781,0.46972450613975525,0.881873607635498,0.05538540706038475
refusal_prefix-plain,13,32,32,9.9978609085083,10.805278778076172,0.2197275161743164,9.587961196899414,0.5525559186935425,0.8876392841339111,0.05266396701335907
refusal_prefix-plain,14,32,32,11.51740550994873,12.405208587646484,0.31329432129859924,11.155707359313965,0.6252018809318542,0.8994312882423401,0.047609422355890274
refusal_prefix-plain,15,32,32,13.237142562866211,14.189756393432617,0.3567734658718109,12.88351058959961,0.64313805103302,0.9081870317459106,0.044044457376003265
refusal_prefix-plain,16,32,32,14.241958618164062,15.150068283081055,0.4772793650627136,13.65455436706543,0.7033476829528809,0.9015992283821106,0.043501682579517365
refusal_prefix-plain,17,32,32,16.211496353149414,17.124195098876953,0.4961901605129242,15.538028717041016,0.729007363319397,0.9076074361801147,0.03902508690953255
refusal_prefix-plain,18,32,32,17.169189453125,18.186511993408203,0.4173637926578522,16.533666610717773,0.673223614692688,0.9094034433364868,0.03793777525424957
refusal_prefix-plain,19,32,32,18.548290252685547,19.80795669555664,0.41194507479667664,17.93459701538086,0.8304391503334045,0.9055770635604858,0.04072737693786621
refusal_prefix-plain,20,32,32,21.05156135559082,22.49648666381836,0.46034660935401917,20.38381004333496,0.8984171748161316,0.9062471389770508,0.03902948647737503
refusal_prefix-plain,21,32,32,23.26095962524414,24.817325592041016,0.5783990025520325,22.441755294799805,0.9987906217575073,0.9044938087463379,0.03942127898335457
refusal_prefix-plain,22,32,32,25.37051773071289,27.15245246887207,0.7870157957077026,24.53044891357422,1.2253998517990112,0.9037022590637207,0.042846303433179855
refusal_prefix-plain,23,32,32,27.51239585876465,29.478099822998047,0.8724616765975952,26.602994918823242,1.2819157838821411,0.902851939201355,0.043215312063694
refusal_prefix-plain,24,32,32,31.233356475830078,33.36482238769531,1.016790747642517,30.314285278320312,1.5737290382385254,0.9087391495704651,0.04213384538888931
refusal_prefix-plain,25,32,32,33.80842208862305,36.1987190246582,1.2184514999389648,32.87782669067383,1.8121508359909058,0.9083563685417175,0.042311396449804306
refusal_prefix-plain,26,32,32,38.314674377441406,41.13133239746094,1.4954142570495605,37.30769348144531,2.3449630737304688,0.9069075584411621,0.04479655250906944
refusal_prefix-plain,27,32,32,43.15103530883789,46.767948150634766,1.8586549758911133,42.4227294921875,2.925305128097534,0.9066870808601379,0.04480551555752754
refusal_prefix-plain,28,32,32,94.56814575195312,100.09394836425781,3.877821207046509,93.03598022460938,6.026918888092041,0.9288082122802734,0.03576378896832466
harmful_prefix-plain,0,32,32,1.0435932874679565,1.4708335399627686,0.2615721821784973,1.0317814350128174,0.22004929184913635,0.6978530883789062,0.058090921491384506
harmful_prefix-plain,1,32,32,1.3974307775497437,2.2131381034851074,0.40042829513549805,1.3839073181152344,0.1412716656923294,0.6372373104095459,0.07558368891477585
harmful_prefix-plain,2,32,32,2.1551156044006348,3.188713312149048,0.3899855613708496,2.1162924766540527,0.12243904918432236,0.6707959175109863,0.06535370647907257
harmful_prefix-plain,3,32,32,2.7343297004699707,4.3509416580200195,0.5310646891593933,2.6955201625823975,0.14016960561275482,0.6271665096282959,0.06893384456634521
harmful_prefix-plain,4,32,32,3.642460823059082,5.685826301574707,0.5233226418495178,3.618255615234375,0.19906197488307953,0.6403028964996338,0.052778489887714386
harmful_prefix-plain,5,32,32,4.292999267578125,6.8071184158325195,0.5488758683204651,4.264104843139648,0.2852437198162079,0.6283962726593018,0.04114019125699997
harmful_prefix-plain,6,32,32,4.608015060424805,7.532144069671631,0.5964436531066895,4.566407203674316,0.3320709466934204,0.6079939603805542,0.04142804816365242
harmful_prefix-plain,7,32,32,5.2291483879089355,8.40030288696289,0.6716775894165039,5.042097091674805,0.4088893532752991,0.6020797491073608,0.04780907928943634
harmful_prefix-plain,8,32,32,5.505395889282227,8.936932563781738,0.7314134240150452,5.219947814941406,0.43575939536094666,0.5858370065689087,0.046361684799194336
harmful_prefix-plain,9,32,32,5.881274700164795,9.52139663696289,0.7611660957336426,5.584591388702393,0.5161444544792175,0.5878459811210632,0.04808925837278366
harmful_prefix-plain,10,32,32,5.993591785430908,9.870811462402344,0.7046794295310974,5.642500400543213,0.5235511064529419,0.5728012323379517,0.04978381097316742
harmful_prefix-plain,11,32,32,6.199183940887451,10.208551406860352,0.6837178468704224,5.845337390899658,0.5499498248100281,0.5737227201461792,0.05212174355983734
harmful_prefix-plain,12,32,32,6.4128899574279785,10.786096572875977,0.7596876621246338,5.938584327697754,0.673263430595398,0.5515807867050171,0.059003982692956924
harmful_prefix-plain,13,32,32,6.87940788269043,11.52785873413086,0.6719772815704346,6.377678394317627,0.7729209661483765,0.5535791516304016,0.062046974897384644
harmful_prefix-plain,14,32,32,7.697654724121094,12.761966705322266,0.7244866490364075,7.236538887023926,0.8747150301933289,0.5672364234924316,0.062349800020456314
harmful_prefix-plain,15,32,32,8.542871475219727,14.329389572143555,0.8413878083229065,7.928044319152832,1.0217158794403076,0.5529992580413818,0.06210501119494438
harmful_prefix-plain,16,32,32,9.37601089477539,15.92534065246582,0.9591877460479736,8.650243759155273,1.130375862121582,0.5421144962310791,0.056192364543676376
harmful_prefix-plain,17,32,32,10.444643020629883,17.53296661376953,1.2477205991744995,9.617691040039062,1.2587666511535645,0.5473093390464783,0.051967304199934006
harmful_prefix-plain,18,32,32,10.870779037475586,18.792238235473633,1.4267781972885132,10.01468276977539,1.4061386585235596,0.5317249298095703,0.05592968314886093
harmful_prefix-plain,19,32,32,12.034838676452637,20.53685760498047,1.593826413154602,11.138729095458984,1.622336745262146,0.5410401821136475,0.05899890884757042
harmful_prefix-plain,20,32,32,13.405962944030762,23.446762084960938,2.110100746154785,12.402168273925781,1.8897150754928589,0.5270689725875854,0.05308178812265396
harmful_prefix-plain,21,32,32,14.761971473693848,26.059572219848633,2.657460927963257,13.631254196166992,2.1824750900268555,0.5212946534156799,0.05418894812464714
harmful_prefix-plain,22,32,32,16.41636085510254,28.597766876220703,2.789905309677124,15.03714370727539,2.34114670753479,0.5245295763015747,0.056433193385601044
harmful_prefix-plain,23,32,32,18.205787658691406,31.62653923034668,3.07525634765625,16.76628875732422,2.4428560733795166,0.5295400023460388,0.055790506303310394
harmful_prefix-plain,24,32,32,22.317829132080078,35.80070495605469,3.2979044914245605,20.759471893310547,2.5221304893493652,0.5801491737365723,0.05254173278808594
harmful_prefix-plain,25,32,32,23.893333435058594,38.84483337402344,3.5952584743499756,22.39211654663086,2.9553239345550537,0.5763177871704102,0.05674987658858299
harmful_prefix-plain,26,32,32,27.65602684020996,44.09121322631836,3.8113207817077637,26.422836303710938,3.3734443187713623,0.5990811586380005,0.05784901976585388
harmful_prefix-plain,27,32,32,32.94141387939453,50.735008239746094,3.9202468395233154,32.179473876953125,4.042459011077881,0.6335583925247192,0.059116728603839874
harmful_prefix-plain,28,32,32,70.8207015991211,103.79986572265625,6.121481418609619,70.75848388671875,8.686955451965332,0.6813639402389526,0.0721367746591568
