k,response_step,condition,layer,n,safety_projection_mean,safety_projection_std,kl_to_static_mean,kl_to_static_std,refusal_logmass_mean,refusal_logmass_std,compliance_logmass_mean,compliance_logmass_std,refusal_margin_mean,refusal_margin_std
5,0,adaptive,28,163,-1.3285763192396223,4.112119016100396,11.451980643477176,4.177301394891775,-8.94308422533281,2.9687925118257734,-10.007686941170254,3.2417201730065286,1.064602720956861,2.051416685521454
5,0,clean,28,163,6.864371111605065,2.2459254488397344,10.734018016080915,3.2525673897167646,-6.436566478635636,0.8251402684737955,-2.7380774664732574,1.4806668992213912,-3.6984890194758315,1.2561977902789356
5,0,refusal,28,163,50.89448241368393,14.216039346837992,13.160668893094444,4.4848412062908585,-11.519617033882374,1.384172223717593,-17.510553605717384,1.4411717732690092,5.990936571835009,2.2799706202112855
5,0,static,28,163,-2.1026178371686878e-08,4.892397477737089,0.0,0.0,-11.303196233840076,3.654910167446591,-12.867352668127399,3.9627323617192762,1.5641564317276142,2.421475940209885
5,1,adaptive,28,163,-1.5922942231952046,7.204948710159115,10.889233927282453,4.594749776920577,-9.64507012389189,2.7862957680672285,-10.849443676732937,3.052251592382087,1.2043735556807256,2.3414748517475616
5,1,clean,28,163,14.827146845544043,5.325050285947184,13.226580875051534,3.8260323501009568,-3.2975840702355823,4.55894985661379,-8.556797698962908,4.246277679863801,5.2592136230936815,1.133257192991161
5,1,refusal,28,163,51.52759922208961,17.361744055521296,12.150232964863806,4.907547710280048,-11.4112155042543,2.8687215062708864,-16.0347326957375,1.5721421608701625,4.6235171914832,1.909860024778469
5,1,static,28,163,3.4647485229866635e-08,7.153058112598159,0.0,0.0,-11.9715557829734,3.063333475654297,-13.500600427937654,3.051694027428411,1.5290446456955986,2.183931112033039
5,2,adaptive,28,163,0.9042644670770212,13.776054658514346,11.835441606450665,5.031835471670602,-10.405195611751884,2.3333351355523844,-12.156177503199665,2.5607493801614716,1.7509818910821084,1.6660313949393828
5,2,clean,28,163,44.37564552214248,19.336616645703582,16.051279466770634,3.773776941194319,-11.062524944726675,1.6033788667589004,-15.014798462756572,1.3595156982372425,3.9522735180298976,1.3570270863545777
5,2,refusal,28,163,51.51240091967436,24.71497940438314,16.092611052507273,4.015728877885988,-12.920769252660085,1.6826674784196158,-16.388384146193054,2.1263199937367148,3.4676148935329696,1.3812499855744893
5,2,static,28,163,8.958980349675278e-09,9.713444349545096,0.0,0.0,-12.38175212569032,3.0029770950960466,-13.620122481708878,3.2200541392114657,1.2383703589439392,2.1619047190999803
5,4,adaptive,28,163,1.5222695590528244,7.17181577807253,12.993889367529277,5.275288514585795,-11.35184935996869,2.9315590683213997,-12.995680000884402,3.0800937347502475,1.6438306409157126,1.7427435749274738
5,4,clean,28,163,17.64837075943596,11.071907044847705,14.862341405063914,4.793812033922355,-14.536486900657232,2.1608226260734016,-18.304654864994294,2.615361642905791,3.7681679637885535,1.8251375511671846
5,4,refusal,28,163,44.509891033903955,28.531794647446667,14.812889410674206,4.3162681629641675,-16.27486964968816,2.989826040047696,-19.069343198296483,2.5833373448460555,2.7944735486083236,1.2242341603688323
5,4,static,28,163,3.2362031059031105e-08,5.96449171895019,0.0,0.0,-12.425260129881783,3.312323026575384,-14.00079642720749,3.0777949038498265,1.5755362978742167,2.536495214685345
5,8,adaptive,28,163,0.3492749860864475,7.220393797408433,13.581072905248009,5.7176034717969095,-10.801448447572673,3.363763361644244,-12.535585052945132,3.9437944745940383,1.73413660628664,2.187714438480366
5,8,clean,28,163,13.187282309576046,8.40470444530497,17.013837812105592,4.710866921767089,-13.8480063771909,2.2317483234631186,-16.969271876329294,1.7672819804613336,3.1212654991383935,1.4086210116658275
5,8,refusal,28,163,48.26754523347492,36.185395102053754,15.748818594253867,4.2296179538530065,-16.317581252817728,2.3845738854139373,-20.370014249181455,2.9999322650654254,4.052432996363728,1.6510979127752738
5,8,static,28,163,-2.0111996703352665e-08,5.906278249370501,0.0,0.0,-13.29545091266281,3.4024693043905208,-14.610787737543232,3.3664793333006595,1.315336825657476,1.8505518529426854
5,16,adaptive,28,163,2.671017909525362,7.650397648535857,14.966995280533116,4.644277542517676,-12.24160284791256,2.725796095778428,-14.61530736472709,2.8122433885210225,2.3737045168145303,1.9390736381266052
5,16,clean,28,163,15.730037999665079,9.448099561192784,16.278976261440885,4.602597842696335,-16.741261944449022,2.523946998022461,-19.519286705672375,2.170087261701025,2.7780247612233544,1.4858482260778676
5,16,refusal,28,163,41.841485346753174,31.471213112178365,14.067209736302399,5.463515237191967,-16.919840923847595,2.8488152952421166,-18.873403356119166,2.000342981385276,1.9535624322715712,1.6107666104323926
5,16,static,28,163,-9.87316201800949e-09,7.7728631273437845,0.0,0.0,-13.965908846240833,3.215356163414488,-15.252422050464373,3.3243107349640124,1.2865132027608486,2.5878817801570806
10,0,adaptive,28,163,-1.6354790259541179,4.316830143637224,11.58706769987118,4.446737440653831,-9.861663829695228,3.4969503151311967,-11.062137080847851,3.5796152320782304,1.2004732504212783,1.8435427855373567
10,0,clean,28,163,5.678356843492005,2.0227763130133596,10.915357686259265,2.844951319487285,-6.436566478635636,0.8251402684737955,-2.7380774664732574,1.4806668992213912,-3.6984890194758315,1.2561977902789356
10,0,refusal,28,163,45.66389966833811,31.299645371705395,14.932961006106042,3.718891954052278,-15.07027307756108,2.70523687538367,-17.962199778644585,2.089832024203794,2.8919267010835052,2.622841606225701
10,0,static,28,163,1.68209426973495e-08,4.998843204187043,0.0,0.0,-12.01638075654492,3.7852695391831577,-12.7913185287027,4.155821309568865,0.7749377737747379,2.416037195823024
10,1,adaptive,28,163,0.9333637673064975,5.708358800018933,12.237060192172512,4.927708421277406,-10.548974056916734,2.9784769910538107,-11.76269272079497,3.53653308359743,1.213718664426745,2.6114560165170113
10,1,clean,28,163,11.434232089782785,5.724002768560587,14.16177654641172,4.3266495327389904,-3.2975840702355823,4.55894985661379,-8.556797698962908,4.246277679863801,5.2592136230936815,1.133257192991161
10,1,refusal,28,163,45.572192962184275,29.989298543972062,13.439248880725696,5.35953853054769,-12.258807811269,2.6373785014512974,-17.05952202030486,1.3225201860909699,4.800714211961243,2.018345776540938
10,1,static,28,163,-1.9563487702352137e-08,4.981886892798276,0.0,0.0,-12.888233317919305,3.5920691430120066,-13.789452984791957,3.600207235437086,0.9012196634444722,2.8260385650825
10,2,adaptive,28,163,1.984444932886428,6.752241404886042,12.933942061477552,4.438761021043885,-10.897287613043757,2.781954839810425,-12.310606675645325,3.059710979827879,1.4133190589448426,2.0497918974471694
10,2,clean,28,163,17.027624178517815,4.875363630309588,16.6391426182232,4.180835597600581,-11.062524944726675,1.6033788667589004,-15.014798462756572,1.3595156982372425,3.9522735180298976,1.3570270863545777
10,2,refusal,28,163,44.431236916524504,29.3026458797413,14.747654433630727,4.505665544479438,-13.030865774564216,2.6270220223557903,-18.86864839448519,1.914204524880825,5.837782619920977,3.316816915675279
10,2,static,28,163,-1.2615707023012126e-08,5.786322942020986,0.0,0.0,-12.334732726307735,3.946758988752785,-13.13505961522003,4.209846164183896,0.8003268922033485,2.624592605049519
10,4,adaptive,28,163,-0.7972171900828192,5.623641970810371,12.914617454370289,4.624917357812078,-11.151739613410154,2.9784503372981814,-12.497560886883297,3.2051221303317643,1.3458212738388156,1.9213607160535504
10,4,clean,28,163,13.428585511043758,6.585461238002054,15.20018379230258,5.051915375521221,-14.536486900657232,2.1608226260734016,-18.304654864994294,2.615361642905791,3.7681679637885535,1.8251375511671846
10,4,refusal,28,163,47.144518202799226,34.94256369323884,14.897357067664617,5.058338493936152,-16.308465571491265,3.0226564740173343,-19.11656008176277,2.237802551262783,2.808094510271505,1.4170113201794432
10,4,static,28,163,-7.788827814207487e-08,5.788664580604534,0.0,0.0,-13.12937479662749,3.443506062561949,-13.911450768380991,3.9829400853982673,0.7820759770329013,2.7992644919718046
10,8,adaptive,28,163,-0.3345624875802935,5.260564738748003,13.32517200248156,5.032727039786237,-11.4125665470135,3.012613731199495,-12.981748246707799,3.204968704613533,1.5691817004256454,2.361937075542868
10,8,clean,28,163,9.704806387241632,5.01001803523047,17.014700772572148,4.2993937467050385,-13.8480063771909,2.2317483234631186,-16.969271876329294,1.7672819804613336,3.1212654991383935,1.4086210116658275
10,8,refusal,28,163,43.78087932383356,32.87267322045419,14.565445190407974,5.0747325287161855,-16.79292482832458,3.2437395300337544,-19.056145135610382,2.5425773953793884,2.2632203072858004,1.5624462356419964
10,8,static,28,163,3.6932939400702165e-08,4.9168196207875425,0.0,0.0,-13.21699881699919,3.321754133685827,-14.398166015835628,3.2801556534004552,1.1811671959110563,2.6234790902414544
10,16,adaptive,28,163,-2.6219468348962396,9.734649079197814,13.759814985050745,5.126754702981051,-12.48581846835423,3.0851222823151287,-14.061006190175293,3.1431306161984325,1.5751877167473542,2.830030267987477
10,16,clean,28,163,17.377053659752104,11.046724078350092,16.15741203716196,4.828194752661585,-16.741261944449022,2.523946998022461,-19.519286705672375,2.170087261701025,2.7780247612233544,1.4858482260778676
10,16,refusal,28,163,30.671021073508115,15.364453515211515,15.032249760456908,5.332930027257845,-15.74845010371296,3.2362428468120004,-17.4222221959588,2.494475602762753,1.6737720922458392,1.9456719862622138
10,16,static,28,163,-2.194036004002109e-09,9.267514856430745,0.0,0.0,-13.928017110181,3.1361815319744175,-14.91784508535467,3.221753015161991,0.9898279751736694,2.5534407489104827
15,0,adaptive,28,163,-0.9714540592366201,5.306581252762686,12.524816553971153,4.578234585532748,-10.975166357368048,2.9839652793880007,-12.32274369209822,3.4170358377455665,1.3475773319876267,2.2708733531650283
15,0,clean,28,163,2.0754444507733445,1.6720566543561126,11.316564189875784,2.6353212065471023,-6.436566478635636,0.8251402684737955,-2.7380774664732574,1.4806668992213912,-3.6984890194758315,1.2561977902789356
15,0,refusal,28,163,44.31952831167385,30.073544134210913,15.029960214908868,4.703488480744762,-16.079115943674662,2.986275397861348,-18.85505618932057,2.1781582284753265,2.7759402456459092,1.5742432595832438
15,0,static,28,163,-7.861962347674223e-09,6.273585130708192,0.0,0.0,-12.380951947229772,3.563841356205495,-13.228572124352484,3.7557025252698777,0.8476201727346409,2.4135535184307844
15,1,adaptive,28,163,-0.6071713299839043,4.842509404741519,12.837032954568512,4.890615590539033,-11.58697245457421,3.1659848112827915,-12.591829208737137,3.534450760847207,1.0048567550313985,2.6515725320677412
15,1,clean,28,163,3.9195782178384393,4.799024731050565,13.986850418378971,4.17310290420963,-3.2975840702355823,4.55894985661379,-8.556797698962908,4.246277679863801,5.2592136230936815,1.133257192991161
15,1,refusal,28,163,41.393786246425535,27.300704145647785,15.486561173493145,4.521721669903797,-16.119487949675577,2.6335909743923467,-19.080150411172877,2.491230599143199,2.960662461497301,1.6662709157468258
15,1,static,28,163,4.909155558954719e-08,5.330785423137587,0.0,0.0,-12.747833585629435,3.5200091456588467,-13.490980823712846,3.779912863433523,0.7431472386319213,2.5797933836477673
15,2,adaptive,28,163,-0.8534124142553178,5.036052853209873,13.3069334677392,4.979388811588621,-11.455097668010033,3.1000806240512073,-12.691238636110961,3.408299839317152,1.2361409649527146,2.5179264632720337
15,2,clean,28,163,10.450515396024551,6.083236332667298,16.49216169484554,3.9913832426468487,-11.062524944726675,1.6033788667589004,-15.014798462756572,1.3595156982372425,3.9522735180298976,1.3570270863545777
15,2,refusal,28,163,39.591357900138284,27.5181309661974,16.182660426098877,4.43933384259828,-16.24807775532541,2.262152786538341,-18.879126367393447,2.266729287132512,2.6310486120680356,1.5305339565060883
15,2,static,28,163,2.4865741378690566e-08,5.7844975346954035,0.0,0.0,-13.335361637220792,2.9409199402017463,-13.973521882039638,3.4163006082387235,0.6381602448188454,2.5806609869843444
15,4,adaptive,28,163,-1.265930829969652,6.5395055936964805,12.973816068260216,4.818896029701715,-11.332791030772624,2.9441484484962146,-12.77933821941446,2.9471450683641276,1.4465471886418348,1.95958819700802
15,4,clean,28,163,14.463358852760923,8.437095826646178,15.155085472478438,4.591401389968958,-14.536486900657232,2.1608226260734016,-18.304654864994294,2.615361642905791,3.7681679637885535,1.8251375511671846
15,4,refusal,28,163,40.2581020114612,27.105320724364624,15.594506497763417,4.891753061173265,-16.743997102866143,3.3555660101346056,-18.96391183466999,2.379152871605989,2.2199147288784657,1.5910130547551684
15,4,static,28,163,-6.435838945072853e-08,6.133970628100397,0.0,0.0,-13.45960978350025,3.2067399163543193,-14.146515869655492,3.2025114814311615,0.686906086155242,2.488991513735558
15,8,adaptive,28,163,-1.315446778857635,8.906531068671356,14.18278028676572,5.050614071240558,-12.029909610748291,2.759180203838592,-13.343188824463475,3.0006437804965747,1.3132792162748934,2.2236487008007444
15,8,clean,28,163,19.653886351300162,9.626253637420874,17.253088430758634,4.616604741353984,-13.8480063771909,2.2317483234631186,-16.969271876329294,1.7672819804613336,3.1212654991383935,1.4086210116658275
15,8,refusal,28,163,39.09947350346969,20.181932271591485,16.806349142928795,4.090311061901631,-13.763065276701758,2.949546486412773,-16.813675757566113,2.3925731164760684,3.0506104837897365,2.0638587972920535
15,8,static,28,163,-5.229119142871693e-08,8.987020875700145,0.0,0.0,-13.798577605580991,3.240962495767578,-14.726909938034105,3.2625404514620375,0.9283323346471494,2.624023502364123
15,16,adaptive,28,163,-3.832740849878159,8.924123663663464,13.900697506964207,4.755697977285497,-12.605666385837859,2.78906379521736,-13.88691540144704,3.0599491187546835,1.2812490170718702,2.284219409746035
15,16,clean,28,163,18.645002246817196,12.606286483775474,16.270744916851534,3.795835703233336,-16.741261944449022,2.523946998022461,-19.519286705672375,2.170087261701025,2.7780247612233544,1.4858482260778676
15,16,refusal,28,163,29.81842861658225,12.998170068213625,16.14749436729525,4.868548472871091,-15.62550427723516,3.0567595847388653,-17.475140366817545,2.732068842462038,1.8496360895823847,1.4623858896498714
15,16,static,28,163,2.7425450050026363e-10,9.86649873957026,0.0,0.0,-14.055956820037467,3.136491562859334,-14.976456592419396,2.9276251116905865,0.9204997723819288,2.237866768011425
20,0,adaptive,28,163,-1.6293120638358813,6.544686195079875,13.829612669860659,4.794148387124687,-11.301377785717783,3.360762383802952,-12.464368209517076,3.6088922919873694,1.162990420873911,2.6905033741299444
20,0,clean,28,163,5.14724695115733,2.026267716666186,11.843138368583164,3.060110045940634,-6.436566478635636,0.8251402684737955,-2.7380774664732574,1.4806668992213912,-3.6984890194758315,1.2561977902789356
20,0,refusal,28,163,45.27427077366531,30.77633663647152,16.46590081606906,4.754201585149899,-16.373802404462193,3.122165787354104,-18.58855009956594,2.1224057044427496,2.2147477038798886,1.7420089527866487
20,0,static,28,163,6.966064312706695e-08,7.125044444494258,0.0,0.0,-12.892519527600587,4.018382157027997,-13.892563855355503,3.844418846863042,1.0000443268407342,1.7272123765522642
20,1,adaptive,28,163,-1.8795045391182226,5.0840737712505835,12.877996142016599,4.70173911008965,-11.34108873379011,2.9843634971234096,-12.64445367327497,3.1033343266192954,1.3033649350967875,2.266708408051785
20,1,clean,28,163,12.098123449489384,4.542477886053123,14.459365982219486,3.571485511172169,-3.2975840702355823,4.55894985661379,-8.556797698962908,4.246277679863801,5.2592136230936815,1.133257192991161
20,1,refusal,28,163,40.75551309541691,22.740083910658075,14.944086442330132,5.230709365547436,-15.845324946327443,3.1761868238683104,-18.113387201461325,2.1309243289981556,2.268062258059262,1.9508329820090706
20,1,static,28,163,3.839563007003691e-09,5.762698605346579,0.0,0.0,-13.405304297347742,2.9302058914903144,-14.347087751868312,3.0156524489482646,0.9417834545205708,1.9608119316452635
20,2,adaptive,28,163,-1.3106250589244937,6.1644795601181155,13.682743113933622,5.164118016758689,-11.589698159255864,3.004900277395609,-12.88347217495456,3.0365922913512655,1.2937740146016783,1.9338577133788108
20,2,clean,28,163,21.784313135717543,13.259237042700585,17.07338235714684,3.691354899961928,-11.062524944726675,1.6033788667589004,-15.014798462756572,1.3595156982372425,3.9522735180298976,1.3570270863545777
20,2,refusal,28,163,39.13352803986497,21.2228968630588,15.458347420019606,4.457717307541967,-15.324192322104986,2.900655071588348,-17.92385489809001,2.133091025605993,2.599662575985025,1.719100880140381
20,2,static,28,163,4.69889377523785e-08,7.224851720211158,0.0,0.0,-13.557941708828043,3.4840733439042575,-14.421933943508593,3.6906614095218413,0.8639922361432409,2.414299848666346
20,4,adaptive,28,163,-1.6108784494590174,7.181635584883159,13.257714291840243,5.208185118504589,-12.06477023341173,2.8122739397479006,-12.912804000582431,3.3614446509424787,0.8480337543721579,3.107859704391713
20,4,clean,28,163,20.00211425025039,12.393815009591357,16.011776388788515,4.176606019561211,-14.536486900657232,2.1608226260734016,-18.304654864994294,2.615361642905791,3.7681679637885535,1.8251375511671846
20,4,refusal,28,163,37.137718571841354,17.102865683761546,15.145175382403508,4.659813682207965,-14.711752879839002,3.3582760310900155,-17.254583136435667,2.5540653050398854,2.5428302624474273,2.1554554626258855
20,4,static,28,163,3.949264807203796e-08,8.004820895048603,0.0,0.0,-14.00844787234909,2.6310876859458636,-15.068057747706314,2.6975384785067136,1.059609875357224,1.8264908343666433
20,8,adaptive,28,163,-3.0630390307654634,8.448772581019393,13.348039143427384,5.635527697294438,-12.222625100539506,2.7434556126174607,-13.712392011668785,2.89962011202247,1.489766910763606,2.341605089831168
20,8,clean,28,163,12.870393335453572,9.082546344600848,17.039959889476652,4.861886004846049,-13.8480063771909,2.2317483234631186,-16.969271876329294,1.7672819804613336,3.1212654991383935,1.4086210116658275
20,8,refusal,28,163,32.397232317485695,14.344578206755406,15.804946466823298,4.896215060295534,-15.437222714804433,3.208854344209839,-17.6704687223844,2.660422406179618,2.233246007579967,1.7570693718805128
20,8,static,28,163,-1.7369451698350028e-08,9.078537895864978,0.0,0.0,-14.155511516734867,3.129876854070343,-15.080592058918958,2.75182011158678,0.9250805421840925,1.9898697467965785
20,16,adaptive,28,163,-1.3641290379448172,8.684264238457468,14.49377645583012,4.9357791578134265,-13.037638798813147,2.4570168968404085,-14.00428915462611,2.6882875312025893,0.9666503543502714,2.2993437309666245
20,16,clean,28,163,18.90627731465123,11.43972514573479,16.504525689384078,4.699324284352105,-16.741261944449022,2.523946998022461,-19.519286705672375,2.170087261701025,2.7780247612233544,1.4858482260778676
20,16,refusal,28,163,27.109270354721446,11.496497085950732,15.35512063118301,5.146498835214894,-16.073625236932486,3.3654994213237033,-17.656711894310327,3.043316741145708,1.5830866573778397,1.6900368125123657
20,16,static,28,163,-5.357104576438483e-08,9.323513176233366,0.0,0.0,-14.527350902557373,2.9797325191098083,-15.017990444655434,3.3816648475164484,0.49063954324078707,3.0211563955573895
