k,response_step,metric,n_success,n_fail,success_mean,fail_mean,success_minus_fail,success_median,fail_median,auc_success_high,auc_success_low
5,0,safety_projection,6,157,-2.8896255691846213,-1.2689183861207052,-1.6207071830639161,-3.019582509994507,-1.8362267017364504,0.37579617834394907,0.6242038216560509
5,0,kl_to_static,6,157,10.377767642339071,11.49303336963532,-1.115265727296249,9.690021514892578,11.287092208862305,0.410828025477707,0.589171974522293
5,0,refusal_margin,6,157,1.2050797939300537,1.0592341703973758,0.14584562353267794,1.4189434051513672,1.2707252502441406,0.49363057324840764,0.5063694267515924
5,0,refusal_logmass,6,157,-10.100510597229004,-8.898851370355885,-1.2016592268731188,-10.89751148223877,-9.06602382659912,0.35456475583864117,0.6454352441613588
5,0,compliance_logmass,6,157,-11.305590391159058,-9.958085535438197,-1.3475048557208602,-12.316454887390137,-10.070178031921388,0.37791932059447986,0.6220806794055201
5,1,safety_projection,6,157,-3.492055098215739,-1.519691896761299,-1.9723632014544399,-5.233600616455078,-2.526329040527344,0.4033970276008493,0.5966029723991507
5,1,kl_to_static,6,157,8.176470836003622,10.992906402108396,-2.816435566104774,6.6983256340026855,10.87460994720459,0.3322717622080679,0.667728237791932
5,1,refusal_margin,6,157,0.42087093989054364,1.2343163308064649,-0.8134453909159212,0.7042703628540039,1.3919544219970703,0.37579617834394907,0.6242038216560509
5,1,refusal_logmass,6,157,-10.718143145243326,-9.604060963840242,-1.1140821814030843,-11.407524108886719,-9.48449993133545,0.3641188959660297,0.6358811040339702
5,1,compliance_logmass,6,157,-11.139014085133871,-10.838377291698507,-0.3006367934353644,-10.942108631134033,-10.59964084625244,0.4564755838641189,0.5435244161358811
5,2,safety_projection,6,157,-1.5181237359841664,0.9968398124169392,-2.5149635484011057,-1.1942181587219238,-3.312021493911743,0.5902335456475584,0.40976645435244163
5,2,kl_to_static,6,157,14.214678525924683,11.744515354751021,2.4701631711736614,15.375658988952637,11.810415267944336,0.6316348195329087,0.36836518046709127
5,2,refusal_margin,6,157,0.5575732390085856,1.7965898650467016,-1.239016626038116,0.8869297504425049,1.8294286727905271,0.26008492569002123,0.7399150743099787
5,2,refusal_logmass,6,157,-12.214017868041992,-10.336068646543344,-1.877949221498648,-12.963809490203857,-10.306771278381348,0.2760084925690021,0.7239915074309978
5,2,compliance_logmass,6,157,-12.771591107050577,-12.132658511969694,-0.6389325950808828,-13.48853302001953,-12.357707023620604,0.410828025477707,0.589171974522293
5,4,safety_projection,6,157,-3.327540392676989,1.7076126145329444,-5.035153007209933,-1.9184950292110443,0.1098721027374267,0.2961783439490446,0.7038216560509554
5,4,kl_to_static,6,157,15.500307629505793,12.8981026823582,2.6022049471475928,19.59143352508545,12.852394104003906,0.6687898089171974,0.33121019108280253
5,4,refusal_margin,6,157,0.6228303909301758,1.6828497587495548,-1.060019367819379,0.4949340820312499,1.794109344482422,0.32590233545647557,0.6740976645435244
5,4,refusal_logmass,6,157,-12.587896029154459,-11.304611907643118,-1.2832841215113415,-12.891496658325195,-11.05988311767578,0.3980891719745223,0.6019108280254777
5,4,compliance_logmass,6,157,-13.210726420084635,-12.987461666392672,-0.22326475369196253,-13.65203332901001,-13.005326271057127,0.445859872611465,0.554140127388535
5,8,safety_projection,6,157,-2.2665232121944427,0.4492417962118319,-2.7157650084062745,-4.138646125793457,-0.388491153717041,0.3630573248407643,0.6369426751592356
5,8,kl_to_static,6,157,15.160717805226644,13.520704310344366,1.6400134948822789,14.235432147979736,13.806618690490724,0.5605095541401274,0.4394904458598726
5,8,refusal_margin,6,157,0.6425113677978516,1.775854768267103,-1.1333434004692515,0.5183839797973633,2.1580991744995117,0.3492569002123142,0.6507430997876857
5,8,refusal_logmass,6,157,-11.253864367802938,-10.784158667181707,-0.4697057006212315,-12.92340898513794,-11.040191650390623,0.4256900212314225,0.5743099787685775
5,8,compliance_logmass,6,157,-11.89637573560079,-12.560013434499693,0.6636376988989028,-12.896228790283203,-13.391020774841309,0.5180467091295117,0.4819532908704883
5,16,safety_projection,6,157,-2.339354316393534,2.8624971028725814,-5.201851419266116,-2.203652262687683,1.0643419027328491,0.30042462845010615,0.6995753715498938
5,16,kl_to_static,6,157,13.915946324666342,15.007162756553502,-1.09121643188716,13.88052749633789,15.155122756958008,0.41932059447983017,0.5806794055201698
5,16,refusal_margin,6,157,1.1853079795837402,2.4191209449889555,-1.2338129654052152,1.1808066368103027,2.452773094177246,0.2611464968152866,0.7388535031847133
5,16,refusal_logmass,6,157,-12.623952229817709,-12.22699076962319,-0.39696146019451817,-12.880040168762207,-12.379412651062012,0.46284501061571126,0.5371549893842887
5,16,compliance_logmass,6,157,-13.80926020940145,-14.646111714612147,0.8368515052106975,-14.06084680557251,-14.697375297546388,0.6358811040339702,0.3641188959660297
10,0,safety_projection,13,150,-3.275195671961858,-1.4933702499667802,-1.7818254219950775,-4.2147216796875,-2.0128772854804993,0.3707692307692308,0.6292307692307693
10,0,kl_to_static,13,150,8.813519578713636,11.827441870371501,-3.013922291657865,7.913700580596924,12.005903244018555,0.3194871794871795,0.6805128205128205
10,0,refusal_margin,13,150,1.328356412740854,1.1893900430202484,0.1389663697206056,0.929741382598877,1.2870488166809082,0.45282051282051283,0.5471794871794872
10,0,refusal_logmass,13,150,-11.317018655630259,-9.73553307811419,-1.5814855775160677,-11.827922821044922,-10.190732479095459,0.3482051282051282,0.6517948717948718
10,0,compliance_logmass,13,150,-12.645375068371113,-10.924923121929169,-1.720451946441944,-13.455821990966797,-11.711301803588867,0.3435897435897436,0.6564102564102564
10,1,safety_projection,13,150,0.8596196724818301,0.939754922191302,-0.08013524970947183,0.5192561149597168,0.4558456540107727,0.5025641025641026,0.49743589743589745
10,1,kl_to_static,13,150,12.998742507054256,12.171047724882762,0.8276947821714948,13.199122428894045,12.034080028533936,0.5533333333333333,0.44666666666666666
10,1,refusal_margin,13,150,1.6707638960618238,1.1741080776850383,0.4966558183767855,1.460245132446289,1.649043083190918,0.521025641025641,0.47897435897435897
10,1,refusal_logmass,13,150,-10.353870006707998,-10.56588307460149,0.2120130678934924,-11.197040557861328,-10.53148078918457,0.45897435897435895,0.541025641025641
10,1,compliance_logmass,13,150,-12.024633902769823,-11.739991151690482,-0.2846427510793408,-14.267897605895996,-12.202301979064941,0.41435897435897434,0.5856410256410256
10,2,safety_projection,13,150,2.3595004769471974,1.9519401190678278,0.4075603578793696,-1.5983190536499023,0.8601479530334473,0.4897435897435897,0.5102564102564102
10,2,kl_to_static,13,150,15.06424383016733,12.749315908191106,2.314927921976224,16.29525375366211,13.338277339935303,0.6671794871794872,0.33282051282051284
10,2,refusal_margin,13,150,1.0031796602102427,1.4488644735018412,-0.4456848132915985,1.2947711944580078,1.624359130859375,0.4282051282051282,0.5717948717948718
10,2,refusal_logmass,13,150,-12.301384522364689,-10.77559921423594,-1.5257853081287482,-12.783222198486328,-11.026660919189451,0.34307692307692306,0.6569230769230769
10,2,compliance_logmass,13,150,-13.304564182574932,-12.224463691711426,-1.0801004908635061,-13.434147834777832,-12.722123622894287,0.4230769230769231,0.5769230769230769
10,4,safety_projection,13,150,-0.8701282510390649,-0.7908982314666112,-0.07923001957245368,-1.365307331085205,-1.1694728136062622,0.522051282051282,0.47794871794871796
10,4,kl_to_static,13,150,15.40721189058744,12.69859260323147,2.7086192873559707,15.592110633850098,12.963868141174316,0.6892307692307692,0.31076923076923074
10,4,refusal_margin,13,150,1.2630575253413274,1.3529941320419312,-0.08993660670060377,1.294485092163086,1.3350720405578613,0.47333333333333333,0.5266666666666666
10,4,refusal_logmass,13,150,-12.41452983709482,-11.04229779402415,-1.372232043070671,-12.053278923034668,-11.611400604248047,0.38666666666666666,0.6133333333333333
10,4,compliance_logmass,13,150,-13.677587362436148,-12.395291925668717,-1.2822954367674306,-12.415849685668944,-12.99741268157959,0.4328205128205128,0.5671794871794872
10,8,safety_projection,13,150,0.6895411152106067,-0.42331813315550487,1.1128592483661115,-0.011311650276184,-1.6904916167259216,0.6076923076923076,0.3923076923076923
10,8,kl_to_static,13,150,12.658650196515596,13.382937225665277,-0.7242870291496804,13.188716888427734,13.423168659210205,0.47384615384615386,0.5261538461538462
10,8,refusal_margin,13,150,1.890963783630958,1.5412939198811848,0.34966986374977327,1.906606674194336,1.807399034500122,0.5271794871794871,0.4728205128205128
10,8,refusal_logmass,13,150,-10.778846768232492,-11.467488927841186,0.688642159608694,-10.688573837280272,-11.63544511795044,0.558974358974359,0.441025641025641
10,8,compliance_logmass,13,150,-12.669810551863451,-13.008782846927643,0.3389722950641918,-13.161364555358888,-13.458484172821045,0.5312820512820513,0.4687179487179487
10,16,safety_projection,13,150,-1.5910979761527135,-2.7112870693206785,1.120189093167965,-3.8319191932678223,-4.1583462953567505,0.5153846153846153,0.4846153846153846
10,16,kl_to_static,13,150,15.294055058405949,13.626847512026627,1.6672075463793217,14.334728240966797,13.865418434143066,0.5820512820512821,0.41794871794871796
10,16,refusal_margin,13,150,1.8146796960097094,1.5544317452112835,0.2602479507984259,2.219484329223633,1.651008129119873,0.5051282051282051,0.4948717948717949
10,16,refusal_logmass,13,150,-12.304974519289457,-12.50149161060651,0.19651709131705353,-13.791768074035645,-12.52163553237915,0.4605128205128205,0.5394871794871795
10,16,compliance_logmass,13,150,-14.119654215299166,-14.055923361331224,-0.06373085396794131,-14.370574951171877,-14.493151664733887,0.4948717948717949,0.5051282051282051
20,0,safety_projection,25,138,-3.2308085536956788,-1.3391858881366425,-1.8916226655590362,-5.3537163734436035,-1.9073702692985535,0.3939130434782609,0.6060869565217392
20,0,kl_to_static,25,138,13.572448692321778,13.876200346951036,-0.3037516546292576,12.781169891357422,13.977940559387207,0.4672463768115942,0.5327536231884058
20,0,refusal_margin,25,138,0.7466864919662476,1.2384077992992124,-0.4917213073329648,0.8758001327514648,1.5742154121398926,0.45710144927536234,0.5428985507246377
20,0,refusal_logmass,25,138,-11.083214402198792,-11.340900137804557,0.25768573560576513,-10.901872634887695,-11.429227828979492,0.5223188405797101,0.4776811594202899
20,0,compliance_logmass,25,138,-11.829900884628296,-12.579307942286782,0.7494070576584857,-12.963162422180176,-12.848778247833252,0.5318840579710145,0.4681159420289855
20,1,safety_projection,25,138,-2.396698715686798,-1.7858099419137705,-0.6108887737730275,-2.705183506011963,-2.746489405632019,0.46144927536231883,0.5385507246376812
20,1,kl_to_static,25,138,13.118736095428467,12.834383831615897,0.28435226381257017,12.01992130279541,13.220121383666992,0.4956521739130435,0.5043478260869565
20,1,refusal_margin,25,138,0.8384531497955322,1.3875880846078845,-0.5491349348123523,1.5357885360717771,1.409510612487793,0.4744927536231884,0.5255072463768116
20,1,refusal_logmass,25,138,-10.767583436965943,-11.444984620895939,0.6774011839299963,-10.85971736907959,-11.558625221252441,0.5649275362318841,0.4350724637681159
20,1,compliance_logmass,25,138,-11.606036596298217,-12.832572708959164,1.2265361126609466,-12.698166847229004,-13.036958694458008,0.5965217391304348,0.40347826086956523
20,2,safety_projection,25,138,-4.288428382873535,-0.7711679350206817,-3.5172604478528537,-4.661805152893066,-1.4856268167495728,0.2982608695652174,0.7017391304347826
20,2,kl_to_static,25,138,13.52789701461792,13.7107949435198,-0.1828979289018804,13.252848625183104,14.1705641746521,0.4707246376811594,0.5292753623188405
20,2,refusal_margin,25,138,0.8574508476257324,1.3728180665900742,-0.5153672189643418,0.8216066360473633,1.5292282104492188,0.4092753623188406,0.5907246376811595
20,2,refusal_logmass,25,138,-12.072522926330567,-11.502229904351028,-0.5702930219795395,-11.881420135498049,-11.594242572784424,0.4771014492753623,0.5228985507246376
20,2,compliance_logmass,25,138,-12.929973773956299,-12.875047972236855,-0.05492580171944361,-13.696060180664062,-13.361567497253418,0.4979710144927536,0.5020289855072464
20,4,safety_projection,25,138,-5.356972444057464,-0.9322382330462553,-4.424734211011209,-6.996956825256348,-1.3701112270355225,0.3179710144927536,0.6820289855072463
20,4,kl_to_static,25,138,13.662347583770751,13.184411159244137,0.47793642452661445,13.899128913879396,13.43460988998413,0.5023188405797101,0.49768115942028984
20,4,refusal_margin,25,138,-0.014786605834960937,1.0043417906415635,-1.0191283964765243,0.4542722702026367,1.6146831512451172,0.35246376811594204,0.647536231884058
20,4,refusal_logmass,25,138,-11.337909469604492,-12.196447908014491,0.8585384384099992,-12.827054977416992,-12.240218162536621,0.5353623188405797,0.4646376811594203
20,4,compliance_logmass,25,138,-11.323122882843018,-13.200789710317833,1.8776668274748154,-11.97133445739746,-13.613773822784424,0.6373913043478261,0.3626086956521739
20,8,safety_projection,25,138,-7.0695812797546385,-2.337216159571772,-4.732365120182866,-8.27440357208252,-3.4093419313430786,0.3318840579710145,0.6681159420289855
20,8,kl_to_static,25,138,12.592118277549744,13.484981329274783,-0.8928630517250387,13.50093936920166,14.040472507476808,0.4582608695652174,0.5417391304347826
20,8,refusal_margin,25,138,0.5366114616394043,1.6624399993730627,-1.1258285377336583,1.2920055389404297,1.7977490425109863,0.3872463768115942,0.6127536231884058
20,8,refusal_logmass,25,138,-12.39160608291626,-12.192012603732122,-0.19959347918413783,-11.948526382446287,-11.993947505950928,0.47739130434782606,0.5226086956521739
20,8,compliance_logmass,25,138,-12.92821754693985,-13.854452603105186,0.9262350561653356,-12.990086555480955,-13.916057109832764,0.5779710144927537,0.4220289855072464
20,16,safety_projection,25,138,-2.3612872552871704,-1.183484433353811,-1.1778028219333594,-2.617983818054199,-2.912503719329834,0.49043478260869566,0.5095652173913043
20,16,kl_to_static,25,138,14.719961500167846,14.452800904319663,0.26716059584818375,15.825681686401367,14.537743091583252,0.516231884057971,0.483768115942029
20,16,refusal_margin,25,138,0.42674644470214845,1.0644590336343516,-0.6377125889322031,1.062152862548828,1.300969123840332,0.4666666666666667,0.5333333333333333
20,16,refusal_logmass,25,138,-12.246045608520507,-13.181043362271959,0.9349977537514516,-12.351372718811035,-12.97299098968506,0.616231884057971,0.383768115942029
20,16,compliance_logmass,25,138,-12.672792072296142,-14.24550239417864,1.5727103218824983,-13.008678436279297,-14.473106861114502,0.6794202898550724,0.32057971014492753
